# {"instrument":"MNQ 12-26","period":"3 Minute","session":"CME US Index Futures ETH","method":"BottomUp","source":"Median","ticksize":0.25,"tolerance":1,"minbars":3,"window":250,"atr":14,"exported":"2026-09-27T07:09:56"}
bar,time,open,high,low,close,volume,mid,atr,new_session
0,2026-09-21T17:03:00,30781.75,30803.25,30780,30787.5,3062,30791.625,23.25,1
1,2026-09-21T17:06:00,30787,30821,30786.5,30809.5,3939,30803.75,24.05357143,0
2,2026-09-21T17:09:00,30810.25,30810.5,30797.25,30803.5,2302,30803.875,23.28188776,0
3,2026-09-21T17:12:00,30804.25,30807,30785.5,30801.25,2046,30796.25,23.15461006,0
4,2026-09-21T17:15:00,30800.25,30810,30795.25,30803.75,1892,30802.625,22.55428077,0
5,2026-09-21T17:18:00,30803,30816.25,30801.25,30812.25,1361,30808.75,22.01468928,0
6,2026-09-21T17:21:00,30812,30812.75,30803.25,30807.25,1221,30808,21.12078291,0
7,2026-09-21T17:24:00,30807.25,30814,30803.25,30807.25,913,30808.625,20.3800127,0
8,2026-09-21T17:27:00,30807.25,30812.75,30807.25,30810.5,690,30810,19.31715465,0
9,2026-09-21T17:30:00,30810.5,30815.75,30808,30815,835,30811.875,18.49092932,0
10,2026-09-21T17:33:00,30815,30829.5,30813.75,30814.25,3260,30821.625,18.29514865,0
11,2026-09-21T17:36:00,30814,30822,30809.75,30815.25,1864,30815.875,17.86335232,0
12,2026-09-21T17:39:00,30815.25,30820,30810.5,30813.5,929,30815.25,17.26597001,0
13,2026-09-21T17:42:00,30813.75,30815.5,30804.25,30807,1618,30809.875,16.83625787,0
14,2026-09-21T17:45:00,30806.75,30823,30804.75,30822.5,1498,30813.875,16.93723945,0
15,2026-09-21T17:48:00,30821.75,30821.75,30812.75,30817.5,1257,30817.25,16.4238652,0
16,2026-09-21T17:51:00,30817,30828.5,30816,30825.25,1454,30822.25,16.14358912,0
17,2026-09-21T17:54:00,30825,30827.75,30815.75,30825.75,1455,30821.75,15.84761847,0
18,2026-09-21T17:57:00,30826,30833.25,30824.25,30829,1775,30828.75,15.35850286,0
19,2026-09-21T18:00:00,30829,30831.75,30827.75,30828.25,947,30829.75,14.54718123,0
20,2026-09-21T18:03:00,30828.25,30834,30823,30829,1766,30828.5,14.29381114,0
21,2026-09-21T18:06:00,30829.25,30836.25,30827.25,30831.5,1451,30831.75,13.91568177,0
22,2026-09-21T18:09:00,30831.75,30840,30831.5,30837,1321,30835.75,13.52884736,0
23,2026-09-21T18:12:00,30837.25,30839.75,30835.5,30839.25,968,30837.625,12.86607255,0
24,2026-09-21T18:15:00,30839,30852.25,30837.5,30843,3187,30844.875,13.0006388,0
25,2026-09-21T18:18:00,30843.75,30847.75,30835.5,30837.5,1573,30841.625,12.94702174,0
26,2026-09-21T18:21:00,30837.25,30846.5,30837.25,30840,1604,30841.875,12.68294876,0
27,2026-09-21T18:24:00,30839.75,30845,30838,30841,1086,30841.5,12.27702385,0
28,2026-09-21T18:27:00,30840.5,30844.5,30839.5,30844.5,671,30842,11.75723643,0
29,2026-09-21T18:30:00,30844.5,30845,30836.25,30842.25,1054,30840.625,11.54243383,0
30,2026-09-21T18:33:00,30842.25,30850,30837.25,30844.75,1505,30843.625,11.62868855,0
31,2026-09-21T18:36:00,30844.5,30850.75,30843.25,30846.75,1334,30847,11.33378223,0
32,2026-09-21T18:39:00,30846.5,30851,30841.5,30846.5,1621,30846.25,11.20279778,0
33,2026-09-21T18:42:00,30846.25,30856,30843,30853.25,1835,30849.5,11.33116937,0
34,2026-09-21T18:45:00,30852.75,30854.25,30849.25,30849.75,1001,30851.75,10.87894299,0
35,2026-09-21T18:48:00,30850,30854.75,30847,30853.5,1351,30850.875,10.65544706,0
36,2026-09-21T18:51:00,30853.25,30853.5,30847,30849,933,30850.25,10.35862941,0
37,2026-09-21T18:54:00,30848.75,30854.5,30848.25,30853.5,755,30851.375,10.06515588,0
38,2026-09-21T18:57:00,30853,30856.75,30849.25,30852.75,1247,30853,9.88193046,0
39,2026-09-21T19:00:00,30852.75,30855.25,30850.5,30852,632,30852.875,9.515364,0
40,2026-09-21T19:03:00,30852,30868.5,30850,30867,5380,30859.25,10.15712371,0
41,2026-09-21T19:06:00,30867.25,30870,30859,30868,3409,30864.5,10.21732916,0
42,2026-09-21T19:09:00,30867.5,30873,30864,30872.75,2586,30868.5,10.13037708,0
43,2026-09-21T19:12:00,30872.25,30888.5,30872,30884.75,5428,30880.25,10.58535015,0
44,2026-09-21T19:15:00,30884.75,30889,30873.25,30876.5,3062,30881.125,10.95425371,0
45,2026-09-21T19:18:00,30877,30882.5,30862.5,30872.25,5637,30872.5,11.60037844,0
46,2026-09-21T19:21:00,30872.25,30875.75,30870,30871.5,1411,30872.875,11.18249427,0
47,2026-09-21T19:24:00,30871.5,30884.25,30870,30879.25,2632,30877.125,11.40160182,0
48,2026-09-21T19:27:00,30879.25,30882.5,30874.5,30882.25,1437,30878.5,11.15863026,0
49,2026-09-21T19:30:00,30882,30893.75,30880.75,30892.75,3144,30887.25,11.29015667,0
50,2026-09-21T19:33:00,30893.25,30917.5,30891.5,30912.75,6819,30904.5,12.34085977,0
51,2026-09-21T19:36:00,30912.5,30912.75,30864,30877.75,8941,30888.375,14.94151264,0
52,2026-09-21T19:39:00,30877.25,30885.75,30872.5,30884.5,2836,30879.125,14.82069031,0
53,2026-09-21T19:42:00,30884.5,30887.5,30872.25,30885.5,2828,30879.875,14.85135529,0
54,2026-09-21T19:45:00,30885.75,30897.25,30884,30891.25,2970,30890.625,14.73697277,0
55,2026-09-21T19:48:00,30891.75,30907.25,30889.75,30892.25,3833,30898.5,14.93433185,0
56,2026-09-21T19:51:00,30892.75,30899.75,30885,30897.75,2341,30892.375,14.92116529,0
57,2026-09-21T19:54:00,30897.75,30901.75,30894.5,30900,1403,30898.125,14.37322492,0
58,2026-09-21T19:57:00,30900.25,30901.75,30892,30898,1285,30896.875,14.04299456,0
59,2026-09-21T20:00:00,30898.25,30903,30896.5,30900.5,1582,30899.75,13.50420924,0
60,2026-09-21T20:03:00,30900.25,30901,30888.25,30889.75,2669,30894.625,13.45033715,0
61,2026-09-21T20:06:00,30889.75,30893,30877.75,30889,3438,30885.375,13.5788845,0
62,2026-09-21T20:09:00,30888.5,30897.5,30886.25,30894.5,1887,30891.875,13.4125356,0
63,2026-09-21T20:12:00,30894.75,30895,30876.75,30878.25,2718,30885.875,13.75806877,0
64,2026-09-21T20:15:00,30879,30887.5,30878.75,30884.5,1920,30883.125,13.43606386,0
65,2026-09-21T20:18:00,30884.5,30884.75,30871,30874,2768,30877.875,13.45848787,0
66,2026-09-21T20:21:00,30874,30879.5,30870.25,30874,1789,30874.875,13.1578816,0
67,2026-09-21T20:24:00,30874,30878.25,30867,30871.75,2897,30872.625,13.02160434,0
68,2026-09-21T20:27:00,30871.25,30875.75,30868.5,30871.5,1297,30872.125,12.60934689,0
69,2026-09-21T20:30:00,30871.25,30891.5,30871.25,30882.5,3669,30881.375,13.15510782,0
70,2026-09-21T20:33:00,30882.25,30888.25,30870,30887,3061,30879.125,13.51902869,0
71,2026-09-21T20:36:00,30887,30899.25,30886.75,30895,3204,30893,13.44624093,0
72,2026-09-21T20:39:00,30895.25,30905.5,30890,30890.75,3035,30897.75,13.59293801,0
73,2026-09-21T20:42:00,30890.25,30898.75,30886,30896,2609,30892.375,13.53272815,0
74,2026-09-21T20:45:00,30897,30898.5,30883.25,30884.75,1569,30890.875,13.65539042,0
75,2026-09-21T20:48:00,30886.5,30893,30873.25,30884,2881,30883.125,14.09071968,0
76,2026-09-21T20:51:00,30885,30890.5,30874,30878.75,2546,30882.25,14.26281113,0
77,2026-09-21T20:54:00,30879,30889.5,30875.75,30883.5,2359,30882.625,14.22618176,0
78,2026-09-21T20:57:00,30883.5,30887,30877.75,30883.25,1557,30882.375,13.87074021,0
79,2026-09-21T21:00:00,30883.5,30890,30871.5,30873,2287,30880.75,14.20140162,0
80,2026-09-21T21:03:00,30873.5,30894.75,30873.5,30892,2413,30884.125,14.74058722,0
81,2026-09-21T21:06:00,30892.5,30893.25,30882.5,30884,1512,30887.875,14.45554528,0
82,2026-09-21T21:09:00,30883.75,30887,30880.25,30881.75,825,30883.625,13.90514919,0
83,2026-09-21T21:12:00,30881.5,30882.25,30870.25,30872.75,2086,30876.25,13.7690671,0
84,2026-09-21T21:15:00,30872.75,30876.5,30870.5,30873,897,30873.5,13.21413374,0
85,2026-09-21T21:18:00,30873.75,30879.5,30872,30874.5,1128,30875.75,12.80598133,0
86,2026-09-21T21:21:00,30875.5,30881.25,30872.25,30879.5,1057,30876.75,12.53412552,0
87,2026-09-21T21:24:00,30879.25,30885.25,30876,30876.5,1246,30880.625,12.29954512,0
88,2026-09-21T21:27:00,30877,30881.75,30874.5,30878.25,1113,30878.125,11.93886333,0
89,2026-09-21T21:30:00,30879.75,30885,30878.25,30879,871,30881.625,11.56823023,0
90,2026-09-21T21:33:00,30879.25,30879.75,30866.5,30870.25,2684,30873.125,11.68835665,0
91,2026-09-21T21:36:00,30870.25,30873.75,30866.25,30870.5,1069,30870,11.38918831,0
92,2026-09-21T21:39:00,30869.75,30883.75,30868,30881.5,2481,30875.875,11.70067486,0
93,2026-09-21T21:42:00,30882.25,30895,30878.5,30891,2649,30886.75,12.0434838,0
94,2026-09-21T21:45:00,30890.5,30893.5,30887.75,30887.75,852,30890.625,11.59394924,0
95,2026-09-21T21:48:00,30888.5,30890.75,30883.5,30889.5,841,30887.125,11.28366716,0
96,2026-09-21T21:51:00,30889.25,30896,30886,30891.25,1764,30891,11.19197664,0
97,2026-09-21T21:54:00,30891.5,30896,30888.25,30895.75,986,30892.125,10.94612117,0
98,2026-09-21T21:57:00,30895.5,30897,30887.75,30891.5,1178,30892.375,10.82496966,0
99,2026-09-21T22:00:00,30891,30897.75,30888,30895,1144,30892.875,10.74818611,0
100,2026-09-21T22:03:00,30894.25,30896,30886.75,30890.25,1169,30891.375,10.64117282,0
101,2026-09-21T22:06:00,30890,30897.25,30889.75,30891.75,1036,30893.5,10.41680333,0
102,2026-09-21T22:09:00,30891.75,30892.75,30885.75,30888.25,856,30889.25,10.17274595,0
103,2026-09-21T22:12:00,30888.25,30890,30882.5,30887.75,1248,30886.25,9.98183552,0
104,2026-09-21T22:15:00,30887.75,30891.5,30886.25,30891.5,567,30888.875,9.64384727,0
105,2026-09-21T22:18:00,30891.25,30899.25,30888.5,30890.5,1348,30893.875,9.72285818,0
106,2026-09-21T22:21:00,30890.25,30894.5,30887,30888.75,592,30890.75,9.5640826,0
107,2026-09-21T22:24:00,30888.75,30892.25,30887,30889.75,477,30889.625,9.25593384,0
108,2026-09-21T22:27:00,30890,30891,30887,30889.75,422,30889,8.88050999,0
109,2026-09-21T22:30:00,30889.75,30890.75,30886.75,30889,327,30888.75,8.53190214,0
110,2026-09-21T22:33:00,30889.25,30890.75,30880.25,30882.25,1160,30885.5,8.67248056,0
111,2026-09-21T22:36:00,30882.5,30895,30882,30893.75,1558,30888.5,8.98158909,0
112,2026-09-21T22:39:00,30893.25,30898.75,30893,30894.75,923,30895.875,8.7507613,0
113,2026-09-21T22:42:00,30895,30897.5,30883.5,30886,1708,30890.5,9.12570692,0
114,2026-09-21T22:45:00,30886.25,30888.75,30877.75,30882,1192,30883.25,9.259585,0
115,2026-09-21T22:48:00,30881.75,30885,30877.25,30878.75,1178,30881.125,9.1517575,0
116,2026-09-21T22:51:00,30878.75,30883.75,30878.25,30879.5,680,30881,8.89091767,0
117,2026-09-21T22:54:00,30880,30881.75,30877,30878.25,622,30879.375,8.59513784,0
118,2026-09-21T22:57:00,30879,30879,30856.75,30871.75,3437,30867.875,9.57048514,0
119,2026-09-21T23:00:00,30871.5,30879,30868,30872.75,2284,30873.5,9.67259334,0
120,2026-09-21T23:03:00,30872.25,30875.75,30865,30865.75,1247,30870.375,9.74955096,0
121,2026-09-21T23:06:00,30865.5,30867.75,30854.75,30856.5,3269,30861.25,9.98172589,0
122,2026-09-21T23:09:00,30856,30859.25,30844,30846.25,3327,30851.625,10.35803119,0
123,2026-09-21T23:12:00,30846.25,30867.75,30832.25,30863.5,6113,30850,12.1538861,0
124,2026-09-21T23:15:00,30863.5,30863.75,30852.75,30852.75,1985,30858.25,12.07146566,0
125,2026-09-21T23:18:00,30853.25,30856.5,30844.75,30845.25,1587,30850.625,12.04850383,0
126,2026-09-21T23:21:00,30844.75,30845.25,30833,30837.25,3148,30839.125,12.06289642,0
127,2026-09-21T23:24:00,30837,30840.75,30832.5,30838,1606,30836.625,11.79054667,0
128,2026-09-21T23:27:00,30838,30841.75,30831,30838.75,1749,30836.375,11.71622191,0
129,2026-09-21T23:30:00,30838.25,30849.5,30834.5,30837.25,2296,30842,11.95077749,0
130,2026-09-21T23:33:00,30836.75,30848.5,30834.75,30835.5,1986,30841.625,12.07929338,0
131,2026-09-21T23:36:00,30835.5,30838.25,30827.25,30829.25,2125,30832.75,12.002201,0
132,2026-09-21T23:39:00,30829.75,30839.75,30826.25,30835,1704,30833,12.10918664,0
133,2026-09-21T23:42:00,30834,30836,30824,30835.5,2071,30830,12.10138759,0
134,2026-09-21T23:45:00,30835.25,30841.75,30828.75,30828.75,1597,30835.25,12.16557419,0
135,2026-09-21T23:48:00,30829,30835.5,30820.75,30822.25,1852,30828.125,12.35017604,0
136,2026-09-21T23:51:00,30822,30823.75,30812.5,30814,2227,30818.125,12.27159203,0
137,2026-09-21T23:54:00,30814.25,30822.25,30813,30816.75,1416,30817.625,12.05576403,0
138,2026-09-21T23:57:00,30816.25,30821,30813,30814.75,887,30817,11.7660666,0
139,2026-09-22T00:00:00,30814.75,30814.75,30809,30813,1361,30811.875,11.33634756,0
140,2026-09-22T00:03:00,30813.5,30818.75,30808.25,30816.5,1988,30813.5,11.27660845,0
141,2026-09-22T00:06:00,30815.5,30821.25,30811.25,30814.25,1652,30816.25,11.18542213,0
142,2026-09-22T00:09:00,30814.5,30820.75,30811.5,30813.5,1314,30816.125,11.04717769,0
143,2026-09-22T00:12:00,30813.75,30814.75,30804.5,30808,2301,30809.625,10.99023643,0
144,2026-09-22T00:15:00,30807.5,30812.5,30805.75,30809.75,1103,30809.125,10.6873624,0
145,2026-09-22T00:18:00,30809.5,30810.5,30791.5,30796.25,3700,30801,11.28112223,0
146,2026-09-22T00:21:00,30796.25,30796.25,30783.5,30789.25,3270,30789.875,11.38604207,0
147,2026-09-22T00:24:00,30789.25,30810,30788,30803.5,3278,30799,12.14418192,0
148,2026-09-22T00:27:00,30804.25,30807.75,30786.5,30790,3441,30797.125,12.7945975,0
149,2026-09-22T00:30:00,30790.25,30801,30785.25,30792.75,1989,30793.125,13.00569768,0
150,2026-09-22T00:33:00,30792,30793,30778.75,30782.5,2950,30785.875,13.09457641,0
151,2026-09-22T00:36:00,30782.75,30802.5,30781.75,30794,2199,30792.125,13.64139238,0
152,2026-09-22T00:39:00,30794,30809.25,30791.5,30804.25,2168,30800.375,13.93486436,0
153,2026-09-22T00:42:00,30804.75,30823.5,30804.5,30816.75,3751,30814,14.3145169,0
154,2026-09-22T00:45:00,30816.25,30818.75,30807.5,30818.25,1886,30813.125,14.09562284,0
155,2026-09-22T00:48:00,30817.25,30838,30815.5,30835.5,3433,30826.75,14.69593549,0
156,2026-09-22T00:51:00,30836.25,30844.75,30826.75,30831.25,4135,30835.75,14.9319401,0
157,2026-09-22T00:54:00,30831.5,30835.25,30826.25,30827.25,1597,30830.75,14.50823009,0
158,2026-09-22T00:57:00,30827.75,30829.75,30813.75,30820,2267,30821.75,14.61478509,0
159,2026-09-22T01:00:00,30820.25,30821.75,30812.75,30815.5,1472,30817.25,14.21372901,0
160,2026-09-22T01:03:00,30816,30819.25,30797.25,30800.75,4079,30808.25,14.76989122,0
161,2026-09-22T01:06:00,30800.75,30800.75,30785.75,30798.5,3584,30793.25,14.78632756,0
162,2026-09-22T01:09:00,30799,30800.5,30788.25,30795.75,1579,30794.375,14.60516131,0
163,2026-09-22T01:12:00,30795.25,30803.75,30786.25,30790,2365,30795,14.8119355,0
164,2026-09-22T01:15:00,30790.5,30790.5,30777,30784.25,2528,30783.75,14.71822582,0
165,2026-09-22T01:18:00,30784,30789.25,30775.25,30779.75,2306,30782.25,14.66692398,0
166,2026-09-22T01:21:00,30779.5,30780.25,30771.5,30776.75,2000,30775.875,14.24428655,0
167,2026-09-22T01:24:00,30776.75,30782.75,30766,30776.25,3324,30774.375,14.42326608,0
168,2026-09-22T01:27:00,30776,30781.75,30767,30772,2228,30774.375,14.44660422,0
169,2026-09-22T01:30:00,30771.25,30788.25,30768.25,30787,2000,30778.25,14.84327535,0
170,2026-09-22T01:33:00,30786.5,30793,30780.25,30784.25,2220,30786.625,14.69375568,0
171,2026-09-22T01:36:00,30784.25,30790.75,30778.25,30787.5,1953,30784.5,14.53705885,0
172,2026-09-22T01:39:00,30788.25,30795.25,30786.75,30790,1167,30791,14.10584036,0
173,2026-09-22T01:42:00,30788.75,30794.75,30778.5,30792.5,1611,30786.625,14.25899462,0
174,2026-09-22T01:45:00,30793.25,30794.25,30775.5,30780.25,1519,30784.875,14.57978072,0
175,2026-09-22T01:48:00,30780.25,30787.5,30775,30782.75,1018,30781.25,14.43122495,0
176,2026-09-22T01:51:00,30783,30787,30780,30784.5,535,30783.5,13.90042317,0
177,2026-09-22T01:54:00,30783,30786,30781.5,30782.25,414,30783.75,13.22896437,0
178,2026-09-22T01:57:00,30782,30785.25,30775,30784.5,1113,30780.125,13.0161812,0
179,2026-09-22T02:00:00,30785.5,30789.75,30778,30778.75,1125,30783.875,12.92573969,0
180,2026-09-22T02:03:00,30779,30789.5,30767.25,30772.5,2929,30778.375,13.59175828,0
181,2026-09-22T02:06:00,30772.75,30786.75,30762,30775,2883,30774.375,14.38877555,0
182,2026-09-22T02:09:00,30775.5,30776.5,30766.5,30774.25,1242,30771.5,14.07529158,0
183,2026-09-22T02:12:00,30774.75,30786.5,30772.75,30781.5,1753,30779.625,14.05205647,0
184,2026-09-22T02:15:00,30783,30788.25,30768.25,30779.5,1846,30778.25,14.47690958,0
185,2026-09-22T02:18:00,30778.5,30792.5,30775.75,30788.5,2287,30784.125,14.63927318,0
186,2026-09-22T02:21:00,30788,30788,30772.5,30777.25,1809,30780.25,14.73646795,0
187,2026-09-22T02:24:00,30776.75,30780.75,30772.5,30775,1363,30776.625,14.27314881,0
188,2026-09-22T02:27:00,30774.5,30784,30767.5,30773,1890,30775.75,14.43220961,0
189,2026-09-22T02:30:00,30772.25,30780.25,30765,30769.25,1356,30772.625,14.49062321,0
190,2026-09-22T02:33:00,30769,30776.75,30761.25,30768,2635,30769,14.56272155,0
191,2026-09-22T02:36:00,30767.5,30769.75,30761.75,30762.5,1660,30765.75,14.09395573,0
192,2026-09-22T02:39:00,30762.5,30777.5,30762.5,30772.75,1501,30770,14.15867317,0
193,2026-09-22T02:42:00,30770.75,30779,30769,30777,1052,30774,13.86162509,0
194,2026-09-22T02:45:00,30777,30780,30773.25,30780,720,30776.625,13.35365187,0
195,2026-09-22T02:48:00,30780,30786,30766.75,30768.75,1748,30776.375,13.77481959,0
196,2026-09-22T02:51:00,30768.25,30775.25,30764.25,30770.5,1422,30769.75,13.57661819,0
197,2026-09-22T02:54:00,30770.25,30780.75,30766.5,30777,1119,30773.625,13.62471689,0
198,2026-09-22T02:57:00,30777.5,30782.5,30773.25,30778.5,1072,30777.875,13.31223712,0
199,2026-09-22T03:00:00,30778.25,30781,30768.5,30770,1429,30774.75,13.25422018,0
200,2026-09-22T03:03:00,30770.5,30771.75,30754.25,30763.25,5423,30763,13.55749017,0
201,2026-09-22T03:06:00,30762.25,30763,30726,30738,6898,30744.5,15.2498123,0
202,2026-09-22T03:09:00,30738.25,30747.5,30731,30737.25,2911,30739.25,15.33911142,0
203,2026-09-22T03:12:00,30738,30742.75,30724.5,30737.25,3355,30733.625,15.54703203,0
204,2026-09-22T03:15:00,30737.25,30742.75,30729.25,30735.5,2058,30736,15.40081546,0
205,2026-09-22T03:18:00,30736.25,30737.5,30715.75,30717,2885,30726.625,15.85432864,0
206,2026-09-22T03:21:00,30716.5,30725,30710.5,30711.25,2990,30717.75,15.75759088,0
207,2026-09-22T03:24:00,30712,30718.5,30700.75,30711,3401,30709.625,15.89990582,0
208,2026-09-22T03:27:00,30711,30734.75,30696.25,30698,5529,30715.5,17.51419826,0
209,2026-09-22T03:30:00,30698,30698.5,30682.75,30686.75,3604,30690.625,17.3881841,0
210,2026-09-22T03:33:00,30687,30700.25,30671,30682.5,6948,30685.625,18.23545666,0
211,2026-09-22T03:36:00,30681.75,30705,30671.25,30703.25,3872,30688.125,19.34363833,0
212,2026-09-22T03:39:00,30702.5,30723.25,30693,30721.25,4295,30708.125,20.12266416,0
213,2026-09-22T03:42:00,30721.5,30751.75,30720.25,30748.75,5505,30736,20.93533101,0
214,2026-09-22T03:45:00,30748.5,30765.25,30745.5,30759.75,4874,30755.375,20.85066451,0
215,2026-09-22T03:48:00,30760.25,30772.75,30744,30769.75,4523,30758.375,21.41490276,0
216,2026-09-22T03:51:00,30769.5,30780.5,30763.5,30779.25,4126,30772,21.09955256,0
217,2026-09-22T03:54:00,30779,30787.25,30766.5,30786.25,3790,30776.875,21.07458452,0
218,2026-09-22T03:57:00,30786.5,30788.25,30769.25,30783,3716,30778.75,20.92639991,0
219,2026-09-22T04:00:00,30783,30790.5,30773.75,30782.25,2580,30782.125,20.62808563,0
220,2026-09-22T04:03:00,30783.25,30802.5,30770.5,30786,4644,30786.5,21.44036523,0
221,2026-09-22T04:06:00,30786,30789.25,30754.25,30761,3940,30771.75,22.40891057,0
222,2026-09-22T04:09:00,30761.5,30780.75,30761.5,30763.5,3033,30771.125,22.21898839,0
223,2026-09-22T04:12:00,30763.75,30781.25,30758,30773,3631,30769.625,22.29263207,0
224,2026-09-22T04:15:00,30773,30774.25,30752.5,30764.5,2443,30763.375,22.25387264,0
225,2026-09-22T04:18:00,30764.25,30788,30762,30770,3810,30775,22.52145317,0
226,2026-09-22T04:21:00,30770.5,30774.75,30766,30770.25,1071,30770.375,21.53777794,0
227,2026-09-22T04:24:00,30770.5,30775,30760,30767.75,1502,30767.5,21.0707938,0
228,2026-09-22T04:27:00,30767.75,30772,30761,30767.5,828,30766.5,20.35145139,0
229,2026-09-22T04:30:00,30767.75,30773,30765,30769.75,760,30769,19.46920486,0
230,2026-09-22T04:33:00,30770.75,30787,30770,30782.75,1658,30778.5,19.31069023,0
231,2026-09-22T04:36:00,30782.25,30783.75,30766,30769.75,2778,30774.875,19.19921235,0
232,2026-09-22T04:39:00,30770,30772.25,30763.5,30764.5,992,30767.875,18.45284004,0
233,2026-09-22T04:42:00,30765.25,30783.25,30765,30775,1663,30774.125,18.47406575,0
234,2026-09-22T04:45:00,30776,30790,30769,30789.5,1589,30779.5,18.65448963,0
235,2026-09-22T04:48:00,30789,30793.75,30781.5,30789.75,2028,30787.625,18.19702608,0
236,2026-09-22T04:51:00,30789.75,30792.25,30784.75,30791.75,1043,30788.5,17.43295279,0
237,2026-09-22T04:54:00,30791.25,30855.25,30790.75,30822.5,12501,30823,20.79488473,0
238,2026-09-22T04:57:00,30821,30845.5,30794.5,30823.5,8516,30820,22.95239297,0
239,2026-09-22T05:00:00,30823.5,30842.25,30806.75,30836.5,3574,30824.5,23.84865061,0
240,2026-09-22T05:03:00,30838,30838.5,30818,30835,3306,30828.25,23.60946128,0
241,2026-09-22T05:06:00,30834.75,30842.25,30829,30834.75,2450,30835.625,22.86949976,0
242,2026-09-22T05:09:00,30834.75,30848,30830,30846.5,2224,30839,22.52167835,0
243,2026-09-22T05:12:00,30846,30847.25,30823.25,30824.5,2238,30835.25,22.62727276,0
244,2026-09-22T05:15:00,30825,30835.75,30809.5,30818.25,2421,30822.625,22.88603899,0
245,2026-09-22T05:18:00,30817.75,30825.75,30817.25,30822.25,1323,30821.5,21.85846477,0
246,2026-09-22T05:21:00,30822.5,30823.75,30803.5,30807.25,1766,30813.625,21.74357443,0
247,2026-09-22T05:24:00,30807.75,30811.75,30799,30800,1594,30805.375,21.10117626,0
248,2026-09-22T05:27:00,30800.5,30807.75,30794.5,30804,1982,30801.125,20.54037795,0
249,2026-09-22T05:30:00,30804.25,30815.75,30799.5,30809.75,1409,30807.625,20.23392239,0
250,2026-09-22T05:33:00,30809.25,30815.75,30805,30807,2010,30810.375,19.55649936,0
251,2026-09-22T05:36:00,30807.75,30809.25,30797.75,30798.25,1157,30803.5,18.98103512,0
252,2026-09-22T05:39:00,30798.75,30810.25,30797.75,30806.75,1320,30804,18.51810404,0
253,2026-09-22T05:42:00,30807.25,30818.25,30806,30816.5,1063,30812.125,18.07038232,0
254,2026-09-22T05:45:00,30816.25,30830.75,30813.75,30821.75,2380,30822.25,17.99392644,0
255,2026-09-22T05:48:00,30821.75,30822,30808.25,30820.75,2145,30815.125,17.69078884,0
256,2026-09-22T05:51:00,30820.25,30834.75,30819.25,30833.25,2017,30827,17.53430392,0
257,2026-09-22T05:54:00,30834.25,30834.5,30826.25,30829.75,1193,30830.375,16.87113936,0
258,2026-09-22T05:57:00,30829.25,30829.75,30818,30825.25,1499,30823.875,16.50534369,0
259,2026-09-22T06:00:00,30824.25,30830,30813.5,30814.5,1430,30821.75,16.504962,0
260,2026-09-22T06:03:00,30814.5,30829.5,30800.25,30801,3322,30814.875,17.41532185,0
261,2026-09-22T06:06:00,30801.5,30813.5,30796.25,30797.5,2772,30804.875,17.40351315,0
262,2026-09-22T06:09:00,30797.75,30810.25,30789,30801.75,2698,30799.625,17.67826221,0
263,2026-09-22T06:12:00,30801.75,30809.75,30754.75,30794,11857,30782.25,20.34410062,0
264,2026-09-22T06:15:00,30794,30805,30775.25,30795.25,5526,30790.125,21.01595058,0
265,2026-09-22T06:18:00,30795,30800.25,30790.25,30798.25,2452,30795.25,20.22909697,0
266,2026-09-22T06:21:00,30798,30798.25,30783.75,30786.5,1718,30791,19.81987575,0
267,2026-09-22T06:24:00,30787,30797.5,30785.75,30793.25,1372,30791.625,19.24345606,0
268,2026-09-22T06:27:00,30792.5,30802.5,30790.75,30794.5,2130,30796.625,18.7082092,0
269,2026-09-22T06:30:00,30794.75,30794.75,30777.5,30779,1504,30786.125,18.6040514,0
270,2026-09-22T06:33:00,30779.5,30795.5,30776.25,30792,2251,30785.875,18.65019058,0
271,2026-09-22T06:36:00,30792,30797,30780.75,30794.75,1378,30788.875,18.4787484,0
272,2026-09-22T06:39:00,30794.75,30798.25,30789.5,30795.75,1170,30793.875,17.7838378,0
273,2026-09-22T06:42:00,30795.5,30805,30792,30802.25,2384,30798.5,17.4421351,0
274,2026-09-22T06:45:00,30802.75,30803.5,30785.5,30794.25,1854,30794.5,17.48198259,0
275,2026-09-22T06:48:00,30794.75,30813.75,30784.5,30792.5,3172,30799.125,18.32255526,0
276,2026-09-22T06:51:00,30792.75,30794,30782.5,30783,1126,30788.25,17.83522989,0
277,2026-09-22T06:54:00,30784,30786.75,30778.5,30781,1400,30782.625,17.15057061,0
278,2026-09-22T06:57:00,30781.25,30792,30775.25,30778.75,2267,30783.625,17.12195842,0
279,2026-09-22T07:00:00,30778.5,30788.25,30772,30776.25,2043,30780.125,17.05967568,0
280,2026-09-22T07:03:00,30776.5,30783.5,30770.75,30780.75,2794,30777.125,16.7518417,0
281,2026-09-22T07:06:00,30781,30791.75,30778.75,30783.5,1766,30785.25,16.48385301,0
282,2026-09-22T07:09:00,30783.25,30784.25,30762.25,30769,3591,30773.25,16.87786351,0
283,2026-09-22T07:12:00,30769,30769.5,30747.75,30766,4952,30758.625,17.22587326,0
284,2026-09-22T07:15:00,30766,30769.5,30759.5,30761,1181,30764.5,16.70973945,0
285,2026-09-22T07:18:00,30762,30770.75,30749.25,30757.25,3776,30760,17.05190092,0
286,2026-09-22T07:21:00,30756.75,30765.75,30754.75,30764,1842,30760.25,16.61962228,0
287,2026-09-22T07:24:00,30764.5,30783.25,30763.5,30771.75,3016,30773.375,16.84322069,0
288,2026-09-22T07:27:00,30772.25,30780.75,30770.25,30776,2227,30775.5,16.3901335,0
289,2026-09-22T07:30:00,30776,30784.5,30771.25,30784.5,1265,30777.875,16.16583825,0
290,2026-09-22T07:33:00,30783.75,30787.25,30772,30780.5,2920,30779.625,16.10042123,0
291,2026-09-22T07:36:00,30780.75,30788.25,30776,30777,2336,30782.125,15.82539114,0
292,2026-09-22T07:39:00,30777.25,30786.25,30764,30766.5,3444,30775.125,16.28429178,0
293,2026-09-22T07:42:00,30766.5,30781,30764.25,30776.75,2520,30772.625,16.31755665,0
294,2026-09-22T07:45:00,30777.25,30781,30763.25,30764.5,1998,30772.125,16.41987403,0
295,2026-09-22T07:48:00,30765,30769,30761.25,30762.75,2408,30765.125,15.80059732,0
296,2026-09-22T07:51:00,30762.5,30769.75,30759,30759.75,1727,30764.375,15.43984036,0
297,2026-09-22T07:54:00,30759.75,30762.5,30752.75,30757.5,2320,30757.625,15.0334232,0
298,2026-09-22T07:57:00,30758,30758.75,30750.75,30752.75,2000,30754.75,14.53103582,0
299,2026-09-22T08:00:00,30752.5,30762,30748,30752.75,2952,30755,14.49310469,0
300,2026-09-22T08:03:00,30752.75,30770.75,30748.75,30769.25,4808,30759.75,15.0293115,0
301,2026-09-22T08:06:00,30769.25,30771.75,30761.25,30765.25,2803,30766.5,14.70578925,0
302,2026-09-22T08:09:00,30765.5,30781,30757.75,30773,6402,30769.375,15.31609002,0
303,2026-09-22T08:12:00,30772.75,30773.5,30760.5,30765.75,3231,30767,15.15065502,0
304,2026-09-22T08:15:00,30765.5,30773,30760.25,30769.75,2428,30766.625,14.97917966,0
305,2026-09-22T08:18:00,30769.5,30774.75,30757.75,30759.25,3297,30766.25,15.12352397,0
306,2026-09-22T08:21:00,30759.5,30763.75,30750.75,30753.5,3055,30757.25,14.97184369,0
307,2026-09-22T08:24:00,30753.25,30766.75,30752.75,30763.25,3489,30759.75,14.90242628,0
308,2026-09-22T08:27:00,30763.5,30777.75,30762,30773,5569,30769.875,14.96296726,0
309,2026-09-22T08:30:00,30773.25,30776.75,30757,30764,7298,30766.875,15.30489817,0
310,2026-09-22T08:33:00,30764.5,30864.5,30763.25,30859,43016,30813.875,21.44383401,0
311,2026-09-22T08:36:00,30859.25,30886.5,30842.25,30882,33341,30864.375,23.07284587,0
312,2026-09-22T08:39:00,30882.75,30895.5,30872.75,30884.5,21679,30884.125,23.04978545,0
313,2026-09-22T08:42:00,30884.75,30913,30878.25,30896.25,24698,30895.625,23.88551506,0
314,2026-09-22T08:45:00,30896.5,30927.5,30892.75,30903,24383,30910.125,24.6615497,0
315,2026-09-22T08:48:00,30903,30919.25,30881,30900,28409,30900.125,25.63215329,0
316,2026-09-22T08:51:00,30899.75,30941,30892,30939,26164,30916.5,27.3012852,0
317,2026-09-22T08:54:00,30939.5,30944.25,30921.5,30937.75,16575,30932.875,26.9761934,0
318,2026-09-22T08:57:00,30938,30947.25,30892,30906.25,22699,30919.625,28.99575102,0
319,2026-09-22T09:00:00,30906,30934.75,30903.75,30930,16780,30919.25,29.13891166,0
320,2026-09-22T09:03:00,30929.75,30937.75,30910.5,30923.25,18356,30924.125,29.0039894,0
321,2026-09-22T09:06:00,30923,30933.75,30910,30925.5,10188,30921.875,28.62870444,0
322,2026-09-22T09:09:00,30925.75,30930,30907.25,30919.5,11547,30918.625,28.20879698,0
323,2026-09-22T09:12:00,30919.5,30961.75,30912.5,30955,20521,30937.125,29.71174005,0
324,2026-09-22T09:15:00,30955,30987.5,30932,30960.25,28297,30959.75,31.55375862,0
325,2026-09-22T09:18:00,30960.75,30978.75,30951.5,30962.25,15365,30965.125,31.24634729,0
326,2026-09-22T09:21:00,30962.25,30962.25,30938.25,30954.75,14876,30950.25,30.72875105,0
327,2026-09-22T09:24:00,30954.75,30959,30934.25,30949.75,12859,30946.625,30.30169741,0
328,2026-09-22T09:27:00,30950,30962.5,30937.5,30957.75,10863,30950,29.92300474,0
329,2026-09-22T09:30:00,30958,30966.5,30955.25,30961,8134,30960.875,28.58921868,0
330,2026-09-22T09:33:00,30961.25,30987.25,30953.5,30982.75,15206,30970.375,28.95784592,0
331,2026-09-22T09:36:00,30983,30997.75,30947.25,30953.75,23339,30972.5,30.49657121,0
332,2026-09-22T09:39:00,30953.75,30972.5,30941,30947.25,20230,30956.75,30.5682447,0
333,2026-09-22T09:42:00,30947,30989.25,30903,30909,37228,30946.125,34.54551293,0
334,2026-09-22T09:45:00,30909,30927.25,30896.25,30914,22345,30911.75,34.29226201,0
335,2026-09-22T09:48:00,30914.25,30920.5,30890.25,30915.25,22652,30905.375,34.00352901,0
336,2026-09-22T09:51:00,30914.5,30955.75,30906.75,30945.25,21940,30931.25,35.07470551,0
337,2026-09-22T09:54:00,30944.75,30946,30923,30933.25,14671,30934.5,34.21222654,0
338,2026-09-22T09:57:00,30933,30950,30928,30937,10446,30939,33.33992465,0
339,2026-09-22T10:00:00,30937.25,30942.5,30916,30925,9802,30929.25,32.8513586,0
340,2026-09-22T10:03:00,30925,30930,30913.25,30926.25,10916,30921.625,31.70126156,0
341,2026-09-22T10:06:00,30926.25,30927.5,30902.5,30922,12075,30915,31.22260002,0
342,2026-09-22T10:09:00,30922.25,30940.5,30911.5,30922,14696,30926,31.06384287,0
343,2026-09-22T10:12:00,30922.5,30928.5,30911.75,30920.25,7140,30920.125,30.04142553,0
344,2026-09-22T10:15:00,30920.25,30945,30906.75,30938.5,13361,30925.875,30.62775227,0
345,2026-09-22T10:18:00,30938.5,30942.75,30924,30935.25,9820,30933.375,29.7793414,0
346,2026-09-22T10:21:00,30935.75,30948.25,30925.75,30932,8396,30937,29.25938844,0
347,2026-09-22T10:24:00,30932.25,30945.75,30929.5,30935,6270,30937.625,28.33014641,0
348,2026-09-22T10:27:00,30935.25,30945,30930.5,30937.5,4854,30937.75,27.34227881,0
349,2026-09-22T10:30:00,30937.25,30939.75,30920.5,30928.25,6882,30930.125,26.76425889,0
350,2026-09-22T10:33:00,30928.25,30929.25,30916,30923,7496,30922.625,25.79895469,0
351,2026-09-22T10:36:00,30923.25,30934.25,30918.25,30918.5,7327,30926.25,25.09902935,0
352,2026-09-22T10:39:00,30918.75,30922.75,30895.75,30898,12473,30909.25,25.23481297,0
353,2026-09-22T10:42:00,30897.5,30904.5,30883.5,30894.25,11822,30894,24.93232633,0
354,2026-09-22T10:45:00,30894.5,30906.5,30892,30899.5,7472,30899.25,24.18716016,0
355,2026-09-22T10:48:00,30899.5,30913.5,30898,30913.25,7153,30905.75,23.56664872,0
356,2026-09-22T10:51:00,30913.5,30918.75,30900.25,30908.5,9193,30909.5,23.20474524,0
357,2026-09-22T10:54:00,30908.75,30911.5,30900.5,30903.5,4832,30906,22.33297772,0
358,2026-09-22T10:57:00,30903.25,30906.75,30887.75,30890,7645,30897.25,22.09490789,0
359,2026-09-22T11:00:00,30890.5,30912,30887,30911,7115,30899.5,22.30241447,0
360,2026-09-22T11:03:00,30911,30920,30894.75,30899.25,9609,30907.375,22.51295629,0
361,2026-09-22T11:06:00,30899,30913.75,30896.75,30912,5247,30905.25,22.1191737,0
362,2026-09-22T11:09:00,30912.25,30931,30907.5,30930,9447,30919.25,22.21780415,0
363,2026-09-22T11:12:00,30929.75,30935.25,30923,30928.25,8039,30929.125,21.50581814,0
364,2026-09-22T11:15:00,30928.75,30931.5,30919.5,30925.25,4470,30925.5,20.82683113,0
365,2026-09-22T11:18:00,30924.75,30926.75,30914,30925,5276,30920.375,20.24991462,0
366,2026-09-22T11:21:00,30925,30926.25,30903.25,30916.25,8769,30914.75,20.44634929,0
367,2026-09-22T11:24:00,30916.5,30926.5,30906.25,30907,7257,30916.375,20.43232434,0
368,2026-09-22T11:27:00,30907,30908,30893.5,30894.5,7961,30900.75,20.00858689,0
369,2026-09-22T11:30:00,30895,30901.25,30889.25,30892.25,5128,30895.25,19.43654497,0
370,2026-09-22T11:33:00,30891.75,30910,30891.25,30906,7077,30900.625,19.38750604,0
371,2026-09-22T11:36:00,30906.25,30920,30904.25,30908,7474,30912.125,19.12768418,0
372,2026-09-22T11:39:00,30908,30913.5,30900,30905.25,4645,30906.75,18.72570674,0
373,2026-09-22T11:42:00,30905.75,30908.75,30897,30900.75,3939,30902.875,18.22744197,0
374,2026-09-22T11:45:00,30900.75,30916.25,30895.5,30915.5,4342,30905.875,18.40762469,0
375,2026-09-22T11:48:00,30915.25,30922.25,30911,30915.25,5527,30916.625,17.89636578,0
376,2026-09-22T11:51:00,30915,30945.75,30914,30944.75,18432,30929.875,18.88591108,0
377,2026-09-22T11:54:00,30945,30946,30938.5,30943.25,4776,30942.25,18.07263172,0
378,2026-09-22T11:57:00,30943.5,30944.25,30933,30939.25,4938,30938.625,17.58530088,0
379,2026-09-22T12:00:00,30939.25,30944,30934.75,30941,3011,30939.375,16.98992225,0
380,2026-09-22T12:03:00,30941,30944,30936.5,30939,3803,30940.25,16.31207066,0
381,2026-09-22T12:06:00,30938.75,30945.5,30938,30944.75,2885,30941.75,15.68263704,0
382,2026-09-22T12:09:00,30945,30954,30941.5,30942.25,7917,30947.75,15.45530582,0
383,2026-09-22T12:12:00,30942,30946.75,30935,30941,5045,30940.875,15.19064112,0
384,2026-09-22T12:15:00,30941.25,30944,30937,30941.5,2807,30940.5,14.60559533,0
385,2026-09-22T12:18:00,30941.75,30944.25,30935,30940,4356,30939.625,14.2230528,0
386,2026-09-22T12:21:00,30940,30941,30931,30934.5,3805,30936,13.92140618,0
387,2026-09-22T12:24:00,30934.25,30935.5,30928.5,30933,3850,30932,13.42702002,0
388,2026-09-22T12:27:00,30933.5,30942,30931.5,30941.5,4082,30936.75,13.21794716,0
389,2026-09-22T12:30:00,30941.5,30957.75,30941.5,30953.25,6419,30949.625,13.43452236,0
390,2026-09-22T12:33:00,30953.25,30953.75,30934.5,30934.75,6218,30944.125,13.84991362,0
391,2026-09-22T12:36:00,30935.25,30939,30930.25,30938.5,3967,30934.625,13.48563408,0
392,2026-09-22T12:39:00,30938.5,30939,30925.5,30934.5,5065,30932.25,13.48666022,0
393,2026-09-22T12:42:00,30934.5,30934.5,30921.75,30929.25,5044,30928.125,13.43404163,0
394,2026-09-22T12:45:00,30929.25,30945.5,30929.25,30944.25,4406,30937.375,13.63518151,0
395,2026-09-22T12:48:00,30944.5,30951,30937.5,30941.75,5368,30944.25,13.62552569,0
396,2026-09-22T12:51:00,30942,30944.75,30936.5,30941.75,3420,30940.625,13.24155957,0
397,2026-09-22T12:54:00,30941.75,30987.75,30940.5,30973,21524,30964.125,15.67073389,0
398,2026-09-22T12:57:00,30973.25,30987,30971,30972.5,12105,30979,15.69425289,0
399,2026-09-22T13:00:00,30972.75,30977.75,30965.75,30977.25,6148,30971.75,15.43037769,0
400,2026-09-22T13:03:00,30977.5,30979.75,30951,30957.25,11026,30965.375,16.38177928,0
401,2026-09-22T13:06:00,30957.5,30973.75,30954.75,30970,7224,30964.25,16.56879505,0
402,2026-09-22T13:09:00,30970.25,30977,30969.25,30974.75,4610,30973.125,15.93888112,0
403,2026-09-22T13:12:00,30975,30984.25,30974.25,30982.75,5344,30979.25,15.51467532,0
404,2026-09-22T13:15:00,30982.75,30985.25,30974,30980.5,5892,30979.625,15.21005566,0
405,2026-09-22T13:18:00,30980.75,30989,30980.75,30988.25,5058,30984.875,14.73076597,0
406,2026-09-22T13:21:00,30988,30996,30987.75,30994.25,6401,30991.875,14.26785411,0
407,2026-09-22T13:24:00,30994,31009.75,30990.75,31006,8607,31000.25,14.60586453,0
408,2026-09-22T13:27:00,31006,31007.5,30997.25,30999,5908,31002.375,14.29473135,0
409,2026-09-22T13:30:00,30999,31000.75,30992,30994,5820,30996.375,13.89867911,0
410,2026-09-22T13:33:00,30994,30998.75,30985.25,30989.25,7708,30992,13.87020203,0
411,2026-09-22T13:36:00,30989.75,30990.5,30975.25,30977.25,7267,30982.875,13.96875903,0
412,2026-09-22T13:39:00,30977,30980.5,30967.75,30972.25,7064,30974.125,13.88170481,0
413,2026-09-22T13:42:00,30972.25,30979.75,30966,30975.75,8548,30972.875,13.87229733,0
414,2026-09-22T13:45:00,30975.5,30992.75,30974.75,30988,7593,30983.75,14.16713323,0
415,2026-09-22T13:48:00,30988.25,30991.75,30980,30983,4663,30985.875,13.99448086,0
416,2026-09-22T13:51:00,30983.25,30987.75,30978,30979.75,3215,30982.875,13.69130365,0
417,2026-09-22T13:54:00,30979.5,30989.25,30979,30984.75,3027,30984.125,13.44549625,0
418,2026-09-22T13:57:00,30984.5,30988.75,30978,30978.25,3338,30983.375,13.2529608,0
419,2026-09-22T14:00:00,30978.5,30978.5,30971.5,30976,4723,30975,12.80632075,0
420,2026-09-22T14:03:00,30976,30986.5,30975,30982.5,5576,30980.75,12.71301212,0
421,2026-09-22T14:06:00,30982.5,30989,30980.5,30986.25,3123,30984.75,12.41208268,0
422,2026-09-22T14:09:00,30985.75,30998.25,30985.5,30996.25,5296,30991.875,12.43621964,0
423,2026-09-22T14:12:00,30996,31003.75,30991.5,31002,4588,30997.625,12.42291823,0
424,2026-09-22T14:15:00,31002,31005,30999.25,31003.25,3464,31002.125,11.94628122,0
425,2026-09-22T14:18:00,31003,31013.5,31002.25,31012.75,6285,31007.875,11.89654684,0
426,2026-09-22T14:21:00,31012.75,31016.25,31002.5,31006.75,6241,31009.375,12.02893635,0
427,2026-09-22T14:24:00,31006.25,31007.75,30997.75,31001.25,4200,31002.75,11.88401233,0
428,2026-09-22T14:27:00,31001,31027,30999,31025,12908,31013,13.03515431,0
429,2026-09-22T14:30:00,31025.25,31025.5,31016.25,31020.25,5297,31020.875,12.76478614,0
430,2026-09-22T14:33:00,31020.5,31036,31018.5,31035.75,8500,31027.25,13.1030157,0
431,2026-09-22T14:36:00,31036,31049,31033.75,31046.75,12492,31041.375,13.25637172,0
432,2026-09-22T14:39:00,31046.5,31050,31037,31041.75,7290,31043.5,13.23805946,0
433,2026-09-22T14:42:00,31041.5,31048,31027.25,31029,7440,31037.625,13.77462664,0
434,2026-09-22T14:45:00,31028.5,31037,31018.25,31035,9182,31027.625,14.13001045,0
435,2026-09-22T14:48:00,31034.75,31043.25,31034.75,31042,4767,31039,13.72786685,0
436,2026-09-22T14:51:00,31042.25,31050,31027.5,31042,10482,31038.75,14.35444779,0
437,2026-09-22T14:54:00,31042.25,31066,31040.25,31049.75,11720,31053.125,15.1684158,0
438,2026-09-22T14:57:00,31050,31053,31022.75,31028,16697,31037.875,16.24567182,0
439,2026-09-22T15:00:00,31028,31035.75,31013,31030,15876,31024.375,16.71026669,0
440,2026-09-22T15:03:00,31030,31030.5,31017.25,31022.5,5509,31023.875,16.46310478,0
441,2026-09-22T15:06:00,31022.5,31027.75,31018,31020.25,2752,31022.875,15.9835973,0
442,2026-09-22T15:09:00,31020.25,31035.5,31019,31030.75,3575,31027.25,16.0204832,0
443,2026-09-22T15:12:00,31030.75,31032.5,31026.25,31029,1666,31029.375,15.32259155,0
444,2026-09-22T15:15:00,31029.5,31034.75,31020.25,31021.5,2614,31027.5,15.26383501,0
445,2026-09-22T15:18:00,31020.75,31024.25,31015.75,31021,2082,31020,14.78070394,0
446,2026-09-22T15:21:00,31021.25,31024,31008.75,31009.75,2439,31016.375,14.81422508,0
447,2026-09-22T15:24:00,31010.25,31010.5,31000,31004.75,2410,31005.25,14.50606615,0
448,2026-09-22T15:27:00,31004.25,31014.75,31004,31007.25,2336,31009.375,14.23777571,0
449,2026-09-22T15:30:00,31007,31007.75,31002.75,31003.75,991,31005.25,13.57793459,0
450,2026-09-22T15:33:00,31005,31011.75,31002.25,31008.25,1270,31007,13.28665354,0
451,2026-09-22T15:36:00,31008.75,31010.75,31007.25,31009.5,616,31009,12.58760686,0
452,2026-09-22T15:39:00,31009.25,31009.75,31006.75,31008.25,603,31008.25,11.9027778,0
453,2026-09-22T15:42:00,31008.5,31009.25,31006,31007.25,549,31007.625,11.28472224,0
454,2026-09-22T15:45:00,31007.5,31009.75,31001.75,31002.5,998,31005.75,11.05009923,0
455,2026-09-22T15:48:00,31002.5,31004,30995,30995.5,1858,30999.5,10.90366357,0
456,2026-09-22T15:51:00,30995.75,31006,30994.75,31005.5,1284,31000.375,10.92840188,0
457,2026-09-22T15:54:00,31005,31005,30998,31001.75,830,31001.5,10.68351604,0
458,2026-09-22T15:57:00,31002,31004,30999,31001.5,799,31001.5,10.2775506,0
459,2026-09-22T16:00:00,31001.5,31006.25,30990.5,31002.5,1320,30998.375,10.66843985,0
460,2026-09-22T17:03:00,31010,31034,31000.5,31017.25,4123,31017.25,12.29926557,1
461,2026-09-22T17:06:00,31017.75,31031.5,31015.5,31030.75,1990,31023.5,12.56360375,0
462,2026-09-22T17:09:00,31031,31038.75,31026.5,31030.75,2158,31032.625,12.54120348,0
463,2026-09-22T17:12:00,31031.5,31040.5,31026.75,31031.5,1555,31033.625,12.62754609,0
464,2026-09-22T17:15:00,31031.75,31042.25,31030.75,31041,1691,31036.5,12.54700708,0
465,2026-09-22T17:18:00,31041,31046.75,31036.5,31042,1652,31041.625,12.38293515,0
466,2026-09-22T17:21:00,31042.5,31049.5,31039.75,31048.5,1285,31044.625,12.19486835,0
467,2026-09-22T17:24:00,31048.5,31057,31046.25,31053.75,2333,31051.625,12.09166347,0
468,2026-09-22T17:27:00,31053.75,31058.25,31051.75,31055.5,1075,31055,11.69225893,0
469,2026-09-22T17:30:00,31056,31056,31045.75,31049.75,1418,31050.875,11.58924044,0
470,2026-09-22T17:33:00,31049.5,31053.5,31048.25,31053.5,935,31050.875,11.13643755,0
471,2026-09-22T17:36:00,31053.25,31059.5,31052.25,31058,1148,31055.875,10.85883487,0
472,2026-09-22T17:39:00,31058.25,31058.5,31051,31052.25,1092,31054.75,10.61891809,0
473,2026-09-22T17:42:00,31053.25,31061,31051.5,31056.25,1071,31056.25,10.53899537,0
474,2026-09-22T17:45:00,31056.75,31057,31051.5,31053,788,31054.25,10.17906713,0
475,2026-09-22T17:48:00,31053,31053,31042.25,31042.5,2195,31047.625,10.21984805,0
476,2026-09-22T17:51:00,31042.5,31046.25,31025.5,31031.5,4168,31035.875,10.97200176,0
477,2026-09-22T17:54:00,31031.25,31044.25,31030.75,31042.5,2487,31037.5,11.15257306,0
478,2026-09-22T17:57:00,31042.5,31049,31041.5,31047.25,1755,31045.25,10.89167499,0
479,2026-09-22T18:00:00,31047,31047.5,31042.5,31044.75,975,31045,10.47084106,0
480,2026-09-22T18:03:00,31044.25,31054,31044.25,31047.25,2016,31049.125,10.41935241,0
481,2026-09-22T18:06:00,31047.25,31052.5,31047,31050,619,31049.75,10.0679701,0
482,2026-09-22T18:09:00,31050,31053,31044.75,31045.75,1051,31048.875,9.93811509,0
483,2026-09-22T18:12:00,31045.75,31047.75,31043.25,31046.75,937,31045.5,9.5496783,0
484,2026-09-22T18:15:00,31046.75,31050.5,31045.75,31049,535,31048.125,9.20684413,0
485,2026-09-22T18:18:00,31048.5,31053.5,31047.5,31050.5,713,31050.5,8.97778384,0
486,2026-09-22T18:21:00,31050.5,31053.5,31047.75,31051.5,544,31050.625,8.74722785,0
487,2026-09-22T18:24:00,31051.75,31061.5,31050,31057.5,2074,31055.75,8.94385443,0
488,2026-09-22T18:27:00,31057.25,31059.75,31048,31048.25,1543,31053.875,9.1442934,0
489,2026-09-22T18:30:00,31049,31055.75,31048.75,31053.5,862,31052.25,9.02684387,0
490,2026-09-22T18:33:00,31053,31056.5,31050.25,31053.75,634,31053.375,8.82849788,0
491,2026-09-22T18:36:00,31053.75,31057.5,31053,31055.5,557,31055.25,8.51931946,0
492,2026-09-22T18:39:00,31055.5,31058,31053,31057,430,31055.5,8.2679395,0
493,2026-09-22T18:42:00,31057.5,31058,31053.5,31057.25,492,31055.75,7.99880096,0
494,2026-09-22T18:45:00,31056.25,31056.25,31050.5,31052.5,742,31053.375,7.9096009,0
495,2026-09-22T18:48:00,31053.25,31055.25,31042.25,31048.5,1977,31048.75,8.27320083,0
496,2026-09-22T18:51:00,31048.5,31054,31044,31047.25,1322,31049,8.39654363,0
497,2026-09-22T18:54:00,31047.25,31059.5,31046.25,31057,2156,31052.875,8.74321908,0
498,2026-09-22T18:57:00,31058,31065.25,31054,31057.5,2091,31059.625,8.92227486,0
499,2026-09-22T19:00:00,31057.5,31075.75,31056,31065.75,3384,31065.875,9.6956838,0
500,2026-09-22T19:03:00,31065,31066.25,31035.5,31054,6991,31050.875,11.19956353,0
501,2026-09-22T19:06:00,31055,31058.25,31042,31043.75,2738,31050.125,11.56030899,0
502,2026-09-22T19:09:00,31044.25,31049.25,31031.5,31036.5,3087,31040.375,12.00242978,0
503,2026-09-22T19:12:00,31036.25,31046.75,31035.75,31044.75,2261,31041.25,11.93082765,0
504,2026-09-22T19:15:00,31045,31048.75,31033.25,31040.75,2515,31041,12.18576853,0
505,2026-09-22T19:18:00,31040.75,31053.5,31037,31041.5,3144,31045.25,12.49392792,0
506,2026-09-22T19:21:00,31041.5,31048,31032,31033.5,2002,31040,12.74436164,0
507,2026-09-22T19:24:00,31034,31047.5,31032,31042.5,2040,31039.75,12.94119296,0
508,2026-09-22T19:27:00,31042.5,31055.5,31040.25,31051.5,2319,31047.875,13.10610774,0
509,2026-09-22T19:30:00,31051.25,31054.75,31036,31038.25,2052,31045.375,13.50924291,0
510,2026-09-22T19:33:00,31037.5,31050.75,31034.5,31038.25,2499,31042.625,13.70501127,0
511,2026-09-22T19:36:00,31039,31041,31034.75,31039.25,1098,31037.875,13.17251046,0
512,2026-09-22T19:39:00,31039.75,31042.75,31034.25,31040.25,1239,31038.5,12.83875972,0
513,2026-09-22T19:42:00,31040.75,31047.25,31040,31045,1236,31043.625,12.43956259,0
514,2026-09-22T19:45:00,31045.5,31049.5,31036.5,31039.5,1263,31043,12.47959384,0
515,2026-09-22T19:48:00,31039.75,31045,31036.25,31038.5,1009,31040.625,12.21319428,0
516,2026-09-22T19:51:00,31038,31038.25,31018.75,31033,4438,31028.5,12.75153754,0
517,2026-09-22T19:54:00,31033.5,31035.75,31020.5,31023.25,2196,31028.125,12.92999915,0
518,2026-09-22T19:57:00,31023.5,31024.5,31012.5,31018.5,3432,31018.5,12.86357064,0
519,2026-09-22T20:00:00,31018.75,31023.25,31014.25,31023.25,1785,31018.75,12.58760131,0
520,2026-09-22T20:03:00,31023.25,31026.25,31015,31019.5,2779,31020.625,12.49205836,0
521,2026-09-22T20:06:00,31020.5,31028,31016.75,31026.5,1606,31022.375,12.4033399,0
522,2026-09-22T20:09:00,31026.5,31038,31020,31028.75,2852,31029,12.80310134,0
523,2026-09-22T20:12:00,31029.25,31031.5,31016.5,31022.75,2142,31024,12.96002267,0
524,2026-09-22T20:15:00,31023,31027.25,31022,31026.25,779,31024.625,12.40930677,0
525,2026-09-22T20:18:00,31026,31033,31019,31030.25,1821,31026,12.52292771,0
526,2026-09-22T20:21:00,31029.75,31041,31028.75,31037,1916,31034.875,12.50343287,0
527,2026-09-22T20:24:00,31037.25,31040.5,31034.5,31036.5,1341,31037.5,12.03890195,0
528,2026-09-22T20:27:00,31037.25,31050.25,31037.25,31043.75,2679,31043.75,12.16112324,0
529,2026-09-22T20:30:00,31043,31057.5,31042.75,31053.75,2797,31050.125,12.34604301,0
530,2026-09-22T20:33:00,31052.75,31059,31045.25,31047,2489,31052.125,12.44632565,0
531,2026-09-22T20:36:00,31047.25,31047.25,31024,31030,4234,31035.625,13.21801668,0
532,2026-09-22T20:39:00,31029.5,31034.25,31020.75,31029.25,2379,31027.5,13.23815834,0
533,2026-09-22T20:42:00,31029.25,31031,31013.25,31014,2441,31022.125,13.56043275,0
534,2026-09-22T20:45:00,31013.75,31022,31005.5,31014.25,3586,31013.75,13.77040184,0
535,2026-09-22T20:48:00,31014.25,31023.25,31012,31015,2464,31017.625,13.59037313,0
536,2026-09-22T20:51:00,31015,31022.25,31010.25,31018.5,1403,31016.25,13.47677505,0
537,2026-09-22T20:54:00,31018.75,31019.5,31013.25,31017.5,823,31016.375,12.96057684,0
538,2026-09-22T20:57:00,31017.25,31018.75,31011.75,31016.75,1118,31015.25,12.53482135,0
539,2026-09-22T21:00:00,31016.5,31021,31012.5,31015.5,887,31016.75,12.24661982,0
540,2026-09-22T21:03:00,31016,31021.75,31006.25,31013,1979,31014,12.47900412,0
541,2026-09-22T21:06:00,31013.25,31017.75,31007.5,31015.25,1428,31012.625,12.31978954,0
542,2026-09-22T21:09:00,31014.75,31017.75,31004.5,31008.75,1735,31011.125,12.38623315,0
543,2026-09-22T21:12:00,31008.75,31009.75,30996.5,30999.5,3116,31003.125,12.44793078,0
544,2026-09-22T21:15:00,31000,31005,30997,31001.25,1562,31001,12.13022144,0
545,2026-09-22T21:18:00,31001.25,31002.75,30983.25,30996,3943,30993,12.65663419,0
546,2026-09-22T21:21:00,30995.75,31012.75,30995,31009.75,3897,31003.875,13.02044603,0
547,2026-09-22T21:24:00,31010,31017.75,31003.5,31006.75,2860,31010.625,13.10827132,0
548,2026-09-22T21:27:00,31007.25,31017.5,31004,31016.5,1933,31010.75,13.13625194,0
549,2026-09-22T21:30:00,31016.5,31020.25,31010.75,31012.25,1607,31015.5,12.87651966,0
550,2026-09-22T21:33:00,31012.5,31016,31005.5,31006.25,1524,31010.75,12.70676825,0
551,2026-09-22T21:36:00,31007,31010.75,31004.5,31008.25,1093,31007.625,12.24557052,0
552,2026-09-22T21:39:00,31008,31012.25,31000.5,31006,1850,31006.375,12.21017263,0
553,2026-09-22T21:42:00,31005.75,31007.75,30999.5,31006,1188,31003.625,11.92730315,0
554,2026-09-22T21:45:00,31005.75,31006,31000,31002.25,650,31003,11.50392436,0
555,2026-09-22T21:48:00,31001.75,31011,31001.5,31005.5,1043,31006.25,11.3607869,0
556,2026-09-22T21:51:00,31005.25,31013.5,31005.25,31008.75,931,31009.375,11.13858784,0
557,2026-09-22T21:54:00,31009,31010.5,31004.75,31008.25,434,31007.625,10.75368871,0
558,2026-09-22T21:57:00,31008,31012,31006.5,31008.75,505,31009.25,10.37842523,0
559,2026-09-22T22:00:00,31007.75,31011.75,31006.75,31007.5,477,31009.25,9.994252,0
560,2026-09-22T22:03:00,31008,31008.75,31003.75,31003.75,543,31006.25,9.63751971,0
561,2026-09-22T22:06:00,31003.75,31007,31000.75,31005.5,978,31003.875,9.39555402,0
562,2026-09-22T22:09:00,31005,31006.25,30992.75,31003,1790,30999.5,9.68872873,0
563,2026-09-22T22:12:00,31003.5,31007.75,31001,31004.5,858,31004.375,9.47881954,0
564,2026-09-22T22:15:00,31004.5,31007.75,31001.25,31006,750,31004.5,9.26604671,0
565,2026-09-22T22:18:00,31006,31007.5,30994.25,30998,1214,31000.875,9.5506148,0
566,2026-09-22T22:21:00,30998,31003.25,30992,31001.75,1848,30997.625,9.67199946,0
567,2026-09-22T22:24:00,31001.5,31010,30999.25,31009.5,1269,31004.625,9.7489995,0
568,2026-09-22T22:27:00,31009.75,31014.75,31007,31011,1483,31010.875,9.60621382,0
569,2026-09-22T22:30:00,31011.25,31012.25,30999.5,30999.75,992,31005.875,9.83076998,0
570,2026-09-22T22:33:00,31000,31012.5,30999.75,31011.5,906,31006.125,10.03928641,0
571,2026-09-22T22:36:00,31011.25,31016.25,31008.75,31011,1212,31012.5,9.85790881,0
572,2026-09-22T22:39:00,31010.75,31014,31009,31011.5,576,31011.5,9.51091532,0
573,2026-09-22T22:42:00,31011.75,31027.5,31009.5,31022.75,2219,31018.5,10.11727851,0
574,2026-09-22T22:45:00,31022.75,31026.5,31018.25,31019.75,1395,31022.375,9.98390147,0
575,2026-09-22T22:48:00,31019.75,31023.75,31017.5,31021.25,995,31020.625,9.71719423,0
576,2026-09-22T22:51:00,31021.25,31023,31017.75,31021.5,631,31020.375,9.39810892,0
577,2026-09-22T22:54:00,31021.75,31025.25,31019.25,31025.25,801,31022.25,9.15538686,0
578,2026-09-22T22:57:00,31025.25,31026,31020.25,31022.25,628,31023.125,8.91214494,0
579,2026-09-22T23:00:00,31021.75,31022.25,31011,31013.25,1381,31016.625,9.07913459,0
580,2026-09-22T23:03:00,31014,31020.25,31010.75,31018.5,1038,31015.5,9.1091964,0
581,2026-09-22T23:06:00,31019,31033.25,31017.75,31033,1739,31025.5,9.56568237,0
582,2026-09-22T23:09:00,31032.5,31035,31028.5,31032.75,1271,31031.75,9.34670506,0
583,2026-09-22T23:12:00,31032.5,31033.75,31024.25,31033.25,1195,31029,9.3576547,0
584,2026-09-22T23:15:00,31033,31034.25,31029.75,31031.75,675,31032,9.01067936,0
585,2026-09-22T23:18:00,31031.75,31036.25,31029.75,31034.5,998,31033,8.83134512,0
586,2026-09-22T23:21:00,31034.5,31040,31031.75,31037.75,973,31035.875,8.78982047,0
587,2026-09-22T23:24:00,31038,31044.75,31038,31041.25,1316,31041.375,8.66197615,0
588,2026-09-22T23:27:00,31041.25,31043.25,31039.25,31039.75,714,31041.25,8.32897786,0
589,2026-09-22T23:30:00,31039.25,31043.25,31036.5,31039.75,735,31039.875,8.21619372,0
590,2026-09-22T23:33:00,31039.25,31048.5,31038.25,31044,1269,31043.375,8.3614656,0
591,2026-09-22T23:36:00,31044.5,31051.75,31044.25,31049.5,1114,31048,8.31778949,0
592,2026-09-22T23:39:00,31050,31052,31041,31042.25,1074,31046.5,8.50937595,0
593,2026-09-22T23:42:00,31041.75,31048.25,31041,31046.25,919,31044.625,8.41942053,0
594,2026-09-22T23:45:00,31046,31050.5,31044,31049.5,681,31047.25,8.28231906,0
595,2026-09-22T23:48:00,31048.5,31051.5,31046.25,31048.75,669,31048.875,8.06572484,0
596,2026-09-22T23:51:00,31049,31051.75,31044.25,31047.75,745,31048,8.02531592,0
597,2026-09-22T23:54:00,31048.25,31048.75,31041.25,31041.5,834,31045,7.98779336,0
598,2026-09-22T23:57:00,31041.75,31043,31037.5,31041.5,1423,31040.25,7.81009383,0
599,2026-09-23T00:00:00,31041.5,31041.75,31031,31035.25,1617,31036.375,8.02008713,0
600,2026-09-23T00:03:00,31035.5,31037.5,31021.5,31024.5,1814,31029.5,8.59008091,0
601,2026-09-23T00:06:00,31024.25,31031.5,31022,31028.25,1285,31026.75,8.65507513,0
602,2026-09-23T00:09:00,31028.5,31034,31023,31029.75,1375,31028.5,8.82256976,0
603,2026-09-23T00:12:00,31030.75,31039.5,31029,31031.5,1351,31034.25,8.94238621,0
604,2026-09-23T00:15:00,31032,31034.5,31028.75,31033.25,751,31031.625,8.71435862,0
605,2026-09-23T00:18:00,31033.5,31043,31032.75,31041,1367,31037.875,8.82404729,0
606,2026-09-23T00:21:00,31041.25,31041.5,31023.25,31026.75,1731,31032.375,9.49732963,0
607,2026-09-23T00:24:00,31026.75,31030.75,31018.75,31024.25,1598,31024.75,9.6760918,0
608,2026-09-23T00:27:00,31024.75,31037,31018.25,31032.25,1882,31027.625,10.3242281,0
609,2026-09-23T00:30:00,31032.5,31035.5,31029.75,31034,688,31032.625,9.99749752,0
610,2026-09-23T00:33:00,31034.25,31038.75,31027.75,31033.25,1091,31033.25,10.06910484,0
611,2026-09-23T00:36:00,31032.75,31037.25,31022,31028.25,1405,31029.625,10.43916878,0
612,2026-09-23T00:39:00,31028.25,31036.75,31027,31033.75,929,31031.875,10.38994244,0
613,2026-09-23T00:42:00,31033.75,31039.5,31031.25,31036.25,820,31035.375,10.23708941,0
614,2026-09-23T00:45:00,31037,31039.5,31021,31028.25,1372,31030.25,10.82729731,0
615,2026-09-23T00:48:00,31028.25,31039.5,31027.75,31039.25,965,31033.625,10.89320464,0
616,2026-09-23T00:51:00,31039.5,31042.25,31026.75,31032.25,1382,31034.5,11.22226145,0
617,2026-09-23T00:54:00,31031.75,31044.25,31029.5,31041.5,1146,31036.875,11.47424278,0
618,2026-09-23T00:57:00,31041.5,31042.5,31028.25,31032.75,1373,31035.375,11.67251115,0
619,2026-09-23T01:00:00,31033.25,31035,31027.5,31028.75,774,31031.25,11.37447464,0
620,2026-09-23T01:03:00,31029,31054.75,31028,31051,3085,31041.375,12.47272645,0
621,2026-09-23T01:06:00,31051.75,31052,31041.5,31047.5,1546,31046.75,12.33181742,0
622,2026-09-23T01:09:00,31047.75,31054.75,31039.5,31043.75,1472,31047.125,12.54025903,0
623,2026-09-23T01:12:00,31043.75,31050,31037,31048.5,1159,31043.5,12.57309767,0
624,2026-09-23T01:15:00,31049,31058.25,31047.5,31057.5,1689,31052.875,12.44287641,0
625,2026-09-23T01:18:00,31057.5,31058.25,31051.5,31055,1111,31054.875,12.03624238,0
626,2026-09-23T01:21:00,31055.25,31058.25,31052.75,31055,849,31055.5,11.56936792,0
627,2026-09-23T01:24:00,31054.25,31056,31039,31047.25,3065,31047.5,11.95727022,0
628,2026-09-23T01:27:00,31046.75,31059.75,31046.25,31058,1378,31053,12.0674652,0
629,2026-09-23T01:30:00,31058.25,31062.75,31055.5,31057.5,1283,31059.125,11.72336054,0
630,2026-09-23T01:33:00,31057.25,31075.25,31056,31074.5,3249,31065.625,12.26097765,0
631,2026-09-23T01:36:00,31074.25,31088.5,31071.5,31087,3288,31080,12.59947924,0
632,2026-09-23T01:39:00,31087,31090.5,31083,31089.75,2027,31086.75,12.23523073,0
633,2026-09-23T01:42:00,31089.25,31094.75,31079.75,31081,2252,31087.25,12.43271425,0
634,2026-09-23T01:45:00,31081,31085.75,31073.75,31083,1768,31079.75,12.40180609,0
635,2026-09-23T01:48:00,31082.75,31083,31057.25,31072.5,3500,31070.125,13.35524851,0
636,2026-09-23T01:51:00,31072.25,31081,31071,31071.5,1738,31076,13.1155879,0
637,2026-09-23T01:54:00,31072,31077.25,31065,31066.25,1375,31071.125,13.05376019,0
638,2026-09-23T01:57:00,31066.25,31068.75,31059.75,31061.75,1270,31064.25,12.76420589,0
639,2026-09-23T02:00:00,31061.25,31062.25,31048.25,31050,2151,31055.25,12.8524769,0
640,2026-09-23T02:03:00,31049.75,31055.25,31044.75,31045.75,2828,31050,12.68444284,0
641,2026-09-23T02:06:00,31046.25,31054.75,31040.5,31041,1671,31047.625,12.79626835,0
642,2026-09-23T02:09:00,31041.25,31048.75,31033.25,31036.5,2390,31041,12.98939204,0
643,2026-09-23T02:12:00,31036.75,31041.75,31028,31039,2537,31034.875,13.04372118,0
644,2026-09-23T02:15:00,31039,31047.5,31038.5,31045.25,1525,31043,12.75488395,0
645,2026-09-23T02:18:00,31045.5,31048.25,31036.5,31037,1157,31042.375,12.68310653,0
646,2026-09-23T02:21:00,31036.75,31038.75,31030.25,31037.5,1171,31034.5,12.3843132,0
647,2026-09-23T02:24:00,31038.5,31040.75,31030.75,31036.5,855,31035.75,12.21400512,0
648,2026-09-23T02:27:00,31036.75,31040.5,31034,31037.25,837,31037.25,11.80586189,0
649,2026-09-23T02:30:00,31036.75,31052.5,31036.5,31052.25,1567,31044.5,12.10544319,0
650,2026-09-23T02:33:00,31051.5,31062,31042.25,31043,2346,31052.125,12.65148296,0
651,2026-09-23T02:36:00,31043,31046.25,31035.5,31044.75,1566,31040.875,12.51566275,0
652,2026-09-23T02:39:00,31044.75,31055,31037.5,31046.5,1721,31046.25,12.87168684,0
653,2026-09-23T02:42:00,31046.75,31051,31041,31048.5,1009,31046,12.66656635,0
654,2026-09-23T02:45:00,31049,31049.75,31035.5,31037.5,1109,31042.625,12.77966875,0
655,2026-09-23T02:48:00,31037.5,31040,31032,31033,1250,31036,12.43826384,0
656,2026-09-23T02:51:00,31033.25,31047.75,31032.5,31045.5,1446,31040.125,12.63910214,0
657,2026-09-23T02:54:00,31045.25,31049.75,31030.25,31031.5,1083,31040,13.12916627,0
658,2026-09-23T02:57:00,31031.75,31038.5,31028.25,31038.5,1200,31033.375,12.92351154,0
659,2026-09-23T03:00:00,31038.25,31039.5,31033.25,31034.25,531,31036.375,12.44683214,0
660,2026-09-23T03:03:00,31034.5,31047.25,31031.75,31034.25,2037,31039.5,12.66491556,0
661,2026-09-23T03:06:00,31034.25,31037.5,31011.25,31017.5,3511,31024.375,13.63527874,0
662,2026-09-23T03:09:00,31017.25,31041,31016,31040,2023,31028.5,14.44704454,0
663,2026-09-23T03:12:00,31039.75,31041.5,31031,31033,1142,31036.25,14.16511279,0
664,2026-09-23T03:15:00,31033,31044.25,31031.5,31039,1379,31037.875,14.0640333,0
665,2026-09-23T03:18:00,31039,31044.25,31030.5,31036.5,1237,31037.375,14.04160235,0
666,2026-09-23T03:21:00,31034.25,31046.25,31027.75,31042,1648,31037,14.36005933,0
667,2026-09-23T03:24:00,31042.25,31050,31040.5,31047.75,1190,31045.25,14.01291223,0
668,2026-09-23T03:27:00,31048,31053,31037,31041,1583,31045,14.15484707,0
669,2026-09-23T03:30:00,31040.75,31044.75,31037.75,31040,567,31041.25,13.64378657,0
670,2026-09-23T03:33:00,31039.25,31046,31036.25,31040.25,730,31041.125,13.36565896,0
671,2026-09-23T03:36:00,31040.75,31044,31025.5,31029,1285,31034.75,13.7323976,0
672,2026-09-23T03:39:00,31029,31032.75,31011.75,31018.5,2201,31022.25,14.25151206,0
673,2026-09-23T03:42:00,31018.5,31024.5,31016.25,31021.75,1173,31020.375,13.82283263,0
674,2026-09-23T03:45:00,31021.5,31021.5,31007.5,31014.25,1718,31014.5,13.85334458,0
675,2026-09-23T03:48:00,31014.5,31014.75,31004.75,31009.25,1463,31009.75,13.57810568,0
676,2026-09-23T03:51:00,31008.75,31018.25,31008,31016.25,970,31013.125,13.34038385,0
677,2026-09-23T03:54:00,31015.75,31015.75,31003,31006.25,1405,31009.375,13.33392786,0
678,2026-09-23T03:57:00,31005.5,31015,31005.25,31010.25,914,31010.125,13.07793301,0
679,2026-09-23T04:00:00,31009.5,31022,31009.5,31017,1145,31015.75,13.03665208,0
680,2026-09-23T04:03:00,31016.25,31026.25,31014,31019.5,1143,31020.125,12.98046265,0
681,2026-09-23T04:06:00,31019.25,31020.5,31007,31011.75,1092,31013.75,13.01757246,0
682,2026-09-23T04:09:00,31010.75,31027.5,31009.25,31026.75,1003,31018.375,13.39131728,0
683,2026-09-23T04:12:00,31027,31027,31014.75,31018.25,820,31020.875,13.30979462,0
684,2026-09-23T04:15:00,31018.5,31024.25,31014,31017,635,31019.125,13.09123786,0
685,2026-09-23T04:18:00,31016.75,31016.75,31009,31013.75,858,31012.875,12.72757801,0
686,2026-09-23T04:21:00,31013.75,31022.75,31012,31018.25,823,31017.375,12.58632244,0
687,2026-09-23T04:24:00,31019,31031.75,31019,31031,964,31025.375,12.65158512,0
688,2026-09-23T04:27:00,31029.75,31033.5,31027.75,31032,782,31030.625,12.15861476,0
689,2026-09-23T04:30:00,31031.5,31034.5,31023.75,31024,773,31029.125,12.05799942,0
690,2026-09-23T04:33:00,31024,31033.25,31024,31032.5,754,31028.625,11.85742803,0
691,2026-09-23T04:36:00,31032.5,31033.5,31022.5,31029.5,787,31028,11.79618317,0
692,2026-09-23T04:39:00,31030.25,31033.75,31026.25,31027,460,31030,11.48931295,0
693,2026-09-23T04:42:00,31026.75,31028,31020.5,31025,812,31024.25,11.20436202,0
694,2026-09-23T04:45:00,31025.25,31027,31018.75,31019,512,31022.875,10.99333616,0
695,2026-09-23T04:48:00,31019,31019,31008.5,31010,1207,31013.75,10.95809786,0
696,2026-09-23T04:51:00,31009.75,31010.25,30997.5,31003.75,2131,31003.875,11.08609087,0
697,2026-09-23T04:54:00,31003.25,31012.75,31002.25,31008.5,1059,31007.5,11.04422724,0
698,2026-09-23T04:57:00,31008,31016.75,31007,31008.75,1212,31011.875,10.95178244,0
699,2026-09-23T05:00:00,31009,31013.75,31007.5,31012,495,31010.625,10.61594084,0
700,2026-09-23T05:03:00,31012.5,31021.25,31009.75,31020,1039,31015.5,10.67908792,0
701,2026-09-23T05:06:00,31020,31024,31015.25,31022.25,752,31019.625,10.54129592,0
702,2026-09-23T05:09:00,31022,31027.25,31020.75,31024.25,834,31024,10.25263193,0
703,2026-09-23T05:12:00,31024.25,31029.5,31018.75,31027.25,890,31024.125,10.28815822,0
704,2026-09-23T05:15:00,31026.75,31032,31026.5,31029.25,873,31029.25,9.94614692,0
705,2026-09-23T05:18:00,31029.5,31035.75,31028.25,31032.25,1054,31032,9.77142214,0
706,2026-09-23T05:21:00,31032,31039.5,31029,31032.75,1397,31034.25,9.82346341,0
707,2026-09-23T05:24:00,31033,31035,31023.25,31023.5,1021,31029.125,9.96107317,0
708,2026-09-23T05:27:00,31023.75,31031.5,31020.75,31025.25,1112,31026.125,10.01742509,0
709,2026-09-23T05:30:00,31026,31033.75,31023.5,31033.75,676,31028.625,10.03403758,0
710,2026-09-23T05:33:00,31033,31035.75,31029.5,31033.5,770,31032.625,9.76374918,0
711,2026-09-23T05:36:00,31033.75,31035.75,31015,31015.5,1674,31025.375,10.54848138,0
712,2026-09-23T05:39:00,31015.5,31027.75,31015.25,31022.5,880,31021.5,10.68787557,0
713,2026-09-23T05:42:00,31022,31031.25,31019.5,31020,962,31025.375,10.7637416,0
714,2026-09-23T05:45:00,31020.75,31022.25,31016,31022,630,31019.125,10.44133149,0
715,2026-09-23T05:48:00,31021.25,31021.5,31012.5,31020.25,1297,31017,10.37409352,0
716,2026-09-23T05:51:00,31020,31022.25,31014,31014.25,693,31018.125,10.22237256,0
717,2026-09-23T05:54:00,31014.75,31023.25,31014.25,31021.5,597,31018.75,10.13506023,0
718,2026-09-23T05:57:00,31021,31033,31020.75,31026.5,1439,31026.875,10.28612736,0
719,2026-09-23T06:00:00,31026.75,31032,31026.25,31027.75,519,31029.125,9.96211826,0
720,2026-09-23T06:03:00,31027.75,31029.5,31003.75,31004.75,3281,31016.625,11.0898241,0
721,2026-09-23T06:06:00,31004.75,31013.25,30998.5,30999.25,2310,31005.875,11.35126524,0
722,2026-09-23T06:09:00,30999,31005,30995,30995.25,2976,31000,11.25474629,0
723,2026-09-23T06:12:00,30995.25,31006.5,30993.25,31004.5,1735,30999.875,11.39726441,0
724,2026-09-23T06:15:00,31004.75,31006.75,30996.75,31001.5,1263,31001.75,11.29745981,0
725,2026-09-23T06:18:00,31002,31011.5,31000.25,31006.75,1355,31005.875,11.29406982,0
726,2026-09-23T06:21:00,31006.75,31008.5,30990.75,30990.75,2154,30999.625,11.75520769,0
727,2026-09-23T06:24:00,30990.75,30992,30958.5,30961.75,6116,30975.25,13.30840714,0
728,2026-09-23T06:27:00,30962.25,30970.25,30953.75,30955.75,3864,30962,13.53637806,0
729,2026-09-23T06:30:00,30955.5,30964.5,30949,30952.75,3758,30956.75,13.67663677,0
730,2026-09-23T06:33:00,30952.5,30954.75,30936.75,30939.25,4920,30945.75,13.98544843,0
731,2026-09-23T06:36:00,30939,30945.25,30927.5,30933.25,3497,30936.375,14.25434497,0
732,2026-09-23T06:39:00,30933.25,30936.5,30914,30918,4093,30925.25,14.84332033,0
733,2026-09-23T06:42:00,30918.25,30932.75,30917.75,30922.25,4271,30925.25,14.85451174,0
734,2026-09-23T06:45:00,30922.75,30928.25,30911.25,30926.5,4051,30919.75,15.0077609,0
735,2026-09-23T06:48:00,30926.5,30959.25,30925.25,30955.75,6297,30942.25,16.36434941,0
736,2026-09-23T06:51:00,30956.5,30960,30943,30950.5,3759,30951.5,16.40975302,0
737,2026-09-23T06:54:00,30951,30956,30944.75,30948.75,1780,30950.375,16.04119923,0
738,2026-09-23T06:57:00,30948.75,30955.5,30946.75,30952.75,1341,30951.125,15.52039929,0
739,2026-09-23T07:00:00,30952,30963,30948.25,30959.75,2259,30955.625,15.46537077,0
740,2026-09-23T07:03:00,30958.75,30966,30942.25,30943.25,4006,30954.125,16.05713,0
741,2026-09-23T07:06:00,30943.75,30951,30938.25,30943.75,3122,30944.625,15.82090643,0
742,2026-09-23T07:09:00,30944,30953,30935.75,30942,2613,30944.375,15.92298454,0
743,2026-09-23T07:12:00,30941.25,30947.75,30934.5,30934.5,2250,30941.125,15.73205707,0
744,2026-09-23T07:15:00,30934.5,30938.5,30924,30930.75,3275,30931.25,15.644053,0
745,2026-09-23T07:18:00,30931.25,30936.5,30921,30921.75,2925,30928.75,15.6337635,0
746,2026-09-23T07:21:00,30921.5,30933.5,30919.25,30929.75,2592,30926.375,15.53492325,0
747,2026-09-23T07:24:00,30930.75,30939,30927.5,30933,2772,30933.25,15.24671444,0
748,2026-09-23T07:27:00,30933,30951.5,30933,30941,4072,30942.25,15.47909198,0
749,2026-09-23T07:30:00,30941.5,30949,30938,30948,1758,30943.5,15.15915684,0
750,2026-09-23T07:33:00,30947.5,30956.25,30944,30955.75,3192,30950.125,14.95135992,0
751,2026-09-23T07:36:00,30955.5,30958.5,30949,30952,2458,30953.75,14.56197707,0
752,2026-09-23T07:39:00,30951.5,30957.5,30945.5,30957,2114,30951.5,14.37897871,0
753,2026-09-23T07:42:00,30957,30958.75,30950.25,30950.75,2212,30954.5,13.95905166,0
754,2026-09-23T07:45:00,30951,30961.25,30948.25,30948.75,2622,30954.75,13.89054797,0
755,2026-09-23T07:48:00,30949.25,30968.75,30947.25,30962.75,2886,30958,14.43408026,0
756,2026-09-23T07:51:00,30963.5,30964.5,30954.25,30955.5,2020,30959.375,14.13521738,0
757,2026-09-23T07:54:00,30955,30958.75,30951.25,30957.5,1339,30955,13.66127328,0
758,2026-09-23T07:57:00,30957,30960.75,30947.75,30960,2904,30954.25,13.61403948,0
759,2026-09-23T08:00:00,30960.25,30970.25,30954.5,30967.75,2747,30962.375,13.76660809,0
760,2026-09-23T08:03:00,30967.75,30970.75,30950,30950.5,4055,30960.375,14.26542179,0
761,2026-09-23T08:06:00,30950.75,30956.5,30949.25,30953.75,2030,30952.875,13.76432024,0
762,2026-09-23T08:09:00,30953.75,30955.75,30943.5,30950,2818,30949.625,13.65615451,0
763,2026-09-23T08:12:00,30950,30957,30945.5,30955,2158,30951.25,13.50214347,0
764,2026-09-23T08:15:00,30955.25,30965.75,30955,30962.5,2996,30960.375,13.30556179,0
765,2026-09-23T08:18:00,30962,30973,30961.25,30972.75,3793,30967.125,13.19445024,0
766,2026-09-23T08:21:00,30972.75,30974,30964.5,30971,2806,30969.25,12.93056093,0
767,2026-09-23T08:24:00,30970.75,30975,30966.5,30974,2193,30970.75,12.6140923,0
768,2026-09-23T08:27:00,30974,30990.25,30966.25,30989,8268,30978.25,13.42737142,0
769,2026-09-23T08:30:00,30988.75,31007,30985.75,31005.75,10084,30996.375,13.9861306,0
770,2026-09-23T08:33:00,31006.25,31013,30927.25,30938.75,46451,30970.125,19.11212127,0
771,2026-09-23T08:36:00,30938.75,30957,30922,30934.25,30174,30939.5,20.24696975,0
772,2026-09-23T08:39:00,30934.75,30940.75,30901.75,30902.75,26603,30921.25,21.58647191,0
773,2026-09-23T08:42:00,30903,30925.75,30901.75,30912,23729,30913.75,21.75886678,0
774,2026-09-23T08:45:00,30912.5,30924.25,30904.5,30910.75,10158,30914.375,21.61537629,0
775,2026-09-23T08:48:00,30910.5,30922.25,30860.75,30886,36089,30891.5,24.46427799,0
776,2026-09-23T08:51:00,30886.5,30894,30867.75,30872.75,21308,30880.875,24.59182956,0
777,2026-09-23T08:54:00,30872.5,30881,30842,30865.5,29355,30861.5,25.62098459,0
778,2026-09-23T08:57:00,30865.25,30867.5,30833,30839.5,24447,30850.25,26.25519998,0
779,2026-09-23T09:00:00,30840,30863.5,30836,30846.5,19252,30849.75,26.34411426,0
780,2026-09-23T09:03:00,30846.5,30870.75,30824.75,30827,29095,30847.75,27.7481061,0
781,2026-09-23T09:06:00,30827,30842.5,30818,30818.5,22946,30830.25,27.51609852,0
782,2026-09-23T09:09:00,30818.25,30823.5,30777.75,30779.5,27744,30800.625,28.81852006,0
783,2026-09-23T09:12:00,30779.5,30783.25,30717,30736.25,38521,30750.125,31.4921972,0
784,2026-09-23T09:15:00,30736,30746.25,30703.75,30719,29996,30725,32.27846883,0
785,2026-09-23T09:18:00,30719,30741.75,30687.25,30691.75,34284,30714.5,33.86572105,0
786,2026-09-23T09:21:00,30692,30702.75,30660.75,30692,31172,30681.75,34.44674098,0
787,2026-09-23T09:24:00,30692.5,30693.5,30644.75,30663.25,30668,30669.125,35.46840234,0
788,2026-09-23T09:27:00,30663,30694.75,30640.25,30648.25,35177,30667.5,36.82780217,0
789,2026-09-23T09:30:00,30650,30693.25,30647.75,30679,23388,30670.5,37.44724487,0
790,2026-09-23T09:33:00,30679.25,30706.25,30657.5,30698.25,28215,30681.875,38.25458452,0
791,2026-09-23T09:36:00,30698.75,30739,30694.5,30731,24462,30716.75,38.70068563,0
792,2026-09-23T09:39:00,30731.5,30737.25,30692.5,30695.75,24887,30714.875,39.13277951,0
793,2026-09-23T09:42:00,30695.5,30718.75,30687,30703.5,17969,30702.875,38.60543812,0
794,2026-09-23T09:45:00,30703.5,30722.75,30691.25,30719,13045,30707,38.09790682,0
795,2026-09-23T09:48:00,30719,30739.25,30718,30723.5,16655,30728.625,36.89448491,0
796,2026-09-23T09:51:00,30723.25,30739.75,30714.25,30716,11525,30727,36.08059313,0
797,2026-09-23T09:54:00,30716.5,30819,30712.5,30816.75,38320,30765.75,41.11055076,0
798,2026-09-23T09:57:00,30817.25,30825.25,30783.25,30809.75,24976,30804.25,41.17408285,0
799,2026-09-23T10:00:00,30810.5,30827.75,30800.25,30822.5,10477,30814,40.19736265,0
800,2026-09-23T10:03:00,30822.25,30827.75,30803.5,30806,14503,30815.625,39.05826532,0
801,2026-09-23T10:06:00,30806,30810.25,30791.25,30795.5,11921,30800.75,37.62553208,0
802,2026-09-23T10:09:00,30795.75,30814.5,30790,30811.75,10405,30802.25,36.68799407,0
803,2026-09-23T10:12:00,30812,30812,30787,30792.5,8502,30799.5,35.85313735,0
804,2026-09-23T10:15:00,30793,30801.5,30781.75,30787.75,10676,30791.625,34.70291326,0
805,2026-09-23T10:18:00,30788,30800.25,30754.75,30768.25,16936,30777.5,35.47413374,0
806,2026-09-23T10:21:00,30768.5,30792,30766.25,30783,11597,30779.125,34.77955276,0
807,2026-09-23T10:24:00,30783.25,30817.75,30778.75,30809.75,14761,30798.25,35.08101327,0
808,2026-09-23T10:27:00,30810.25,30817.75,30801.5,30809.5,8694,30809.625,33.7359409,0
809,2026-09-23T10:30:00,30809.5,30810.75,30768.5,30773,14325,30789.625,34.34408798,0
810,2026-09-23T10:33:00,30773,30780.5,30763.5,30767.25,12119,30772,33.10522455,0
811,2026-09-23T10:36:00,30767.5,30782.75,30760,30773.25,10630,30771.375,32.36556565,0
812,2026-09-23T10:39:00,30773.5,30777.5,30757.5,30768.75,8694,30767.5,31.48231096,0
813,2026-09-23T10:42:00,30768.5,30777.5,30752,30757,8037,30764.75,31.05500304,0
814,2026-09-23T10:45:00,30756.75,30783.75,30756.75,30780.5,10092,30770.25,30.76535996,0
815,2026-09-23T10:48:00,30780.25,30786,30745.75,30757,12562,30765.875,31.44283425,0
816,2026-09-23T10:51:00,30756.75,30762.5,30732.5,30741.25,14041,30747.5,31.33977466,0
817,2026-09-23T10:54:00,30741.25,30748.75,30723,30740.75,13492,30735.875,30.94050504,0
818,2026-09-23T10:57:00,30740,30757.5,30737.5,30741,10136,30747.5,30.1590404,0
819,2026-09-23T11:00:00,30742,30748.25,30737.25,30746.75,5361,30742.75,28.79053751,0
820,2026-09-23T11:03:00,30746.75,30747.75,30729,30732.75,6596,30738.375,28.07335626,0
821,2026-09-23T11:06:00,30733,30745,30726.5,30736.25,6056,30735.75,27.3895451,0
822,2026-09-23T11:09:00,30735.75,30753.5,30731.25,30746.25,6437,30742.375,27.02243474,0
823,2026-09-23T11:12:00,30746.25,30749,30738.5,30744.25,4277,30743.75,25.84226083,0
824,2026-09-23T11:15:00,30744,30751,30737.75,30744.5,3975,30744.375,24.94281362,0
825,2026-09-23T11:18:00,30744.25,30756.5,30733.5,30738.5,7794,30745,24.80404122,0
826,2026-09-23T11:21:00,30738.75,30740.5,30720,30726,8759,30730.25,24.49660971,0
827,2026-09-23T11:24:00,30726.25,30729.5,30715.25,30724.75,7916,30722.375,23.76470901,0
828,2026-09-23T11:27:00,30724.25,30735.75,30718.25,30721.25,6355,30727,23.3172298,0
829,2026-09-23T11:30:00,30721.75,30728,30719.5,30723.25,3798,30723.75,22.25885624,0
830,2026-09-23T11:33:00,30723.5,30751.25,30722.75,30745.5,9025,30737,22.70465222,0
831,2026-09-23T11:36:00,30745.75,30749.5,30736.75,30740.25,6590,30743.125,21.99360564,0
832,2026-09-23T11:39:00,30739.75,30746.25,30730.75,30733.25,4918,30738.5,21.52977666,0
833,2026-09-23T11:42:00,30732.75,30733.25,30708.5,30713,8855,30720.875,21.75979261,0
834,2026-09-23T11:45:00,30712.75,30718.75,30695.25,30695.25,9479,30707,21.88409314,0
835,2026-09-23T11:48:00,30695.25,30720.75,30688,30709.5,17865,30704.375,22.66022935,0
836,2026-09-23T11:51:00,30709.25,30709.75,30677.5,30681.25,12120,30693.625,23.34521296,0
837,2026-09-23T11:54:00,30681.75,30687.25,30668,30676.5,12689,30677.625,23.05269775,0
838,2026-09-23T11:57:00,30676.25,30685.5,30669,30684,8499,30677.25,22.58464791,0
839,2026-09-23T12:00:00,30684,30696.5,30672.75,30687.5,9622,30684.625,22.66788735,0
840,2026-09-23T12:03:00,30687.5,30709.25,30659.75,30661.25,17586,30684.5,24.58446682,0
841,2026-09-23T12:06:00,30661.75,30674.75,30646.5,30666.5,16190,30660.625,24.84629062,0
842,2026-09-23T12:09:00,30666.75,30671.75,30653,30668.5,7924,30662.375,24.41084129,0
843,2026-09-23T12:12:00,30668.75,30682,30655.75,30657.25,10471,30668.875,24.54220977,0
844,2026-09-23T12:15:00,30657.5,30673.5,30656.25,30670.5,6943,30664.875,24.02133764,0
845,2026-09-23T12:18:00,30670.25,30699,30665.25,30694.75,9844,30682.125,24.7162421,0
846,2026-09-23T12:21:00,30694.75,30725.5,30694.25,30715.75,11987,30709.875,25.18293909,0
847,2026-09-23T12:24:00,30716.25,30722.5,30702.5,30704,9193,30712.5,24.81272916,0
848,2026-09-23T12:27:00,30703.5,30703.75,30677.5,30688.5,10740,30690.625,24.9332485,0
849,2026-09-23T12:30:00,30688.75,30688.75,30675.75,30681.75,6126,30682.25,24.08087361,0
850,2026-09-23T12:33:00,30681.75,30689.5,30672,30689.25,9511,30680.75,23.61081121,0
851,2026-09-23T12:36:00,30689,30702.75,30683.75,30690,8465,30693.25,23.28146755,0
852,2026-09-23T12:39:00,30690,30705.75,30686,30701,5936,30695.875,23.02921987,0
853,2026-09-23T12:42:00,30700.75,30721,30685,30713,15579,30703,23.95570416,0
854,2026-09-23T12:45:00,30712.75,30756.5,30711,30748.75,16800,30733.75,25.49458244,0
855,2026-09-23T12:48:00,30748.5,30764,30741.25,30747.5,12999,30752.625,25.29854083,0
856,2026-09-23T12:51:00,30747.25,30758.5,30737.25,30751.75,8423,30747.875,25.00935935,0
857,2026-09-23T12:54:00,30752.25,30760,30746,30748.5,5255,30753,24.22297654,0
858,2026-09-23T12:57:00,30748,30757.5,30740,30754.25,5990,30748.75,23.74276393,0
859,2026-09-23T13:00:00,30753.75,30774.5,30750,30771.25,8150,30762.25,23.79685222,0
860,2026-09-23T13:03:00,30771,30772.25,30749.5,30752.5,9194,30760.875,23.72207706,0
861,2026-09-23T13:06:00,30753.25,30753.25,30726,30737.75,10894,30739.625,23.97407155,0
862,2026-09-23T13:09:00,30737.75,30748.25,30736,30742.5,7520,30742.125,23.13663787,0
863,2026-09-23T13:12:00,30742.25,30747.5,30734,30740.25,4984,30740.75,22.4483066,0
864,2026-09-23T13:15:00,30740.75,30747,30736.5,30745.5,4095,30741.75,21.59485612,0
865,2026-09-23T13:18:00,30745.5,30759.25,30741,30758.25,8110,30750.125,21.35593783,0
866,2026-09-23T13:21:00,30758.5,30769.5,30754.25,30757.75,6986,30761.875,20.91979941,0
867,2026-09-23T13:24:00,30758.25,30760,30746.25,30756.5,5696,30753.125,20.40767088,0
868,2026-09-23T13:27:00,30756.25,30764.25,30754.25,30755.25,4009,30759.25,19.66426582,0
869,2026-09-23T13:30:00,30755.25,30764.5,30750.5,30755.5,4367,30757.5,19.25967541,0
870,2026-09-23T13:33:00,30754.75,30757.75,30740.25,30749.25,6498,30749,19.1339843,0
871,2026-09-23T13:36:00,30749.25,30754.5,30739.25,30751.25,3891,30746.875,18.85655685,0
872,2026-09-23T13:39:00,30751,30753.5,30727.25,30732,7247,30740.375,19.38465994,0
873,2026-09-23T13:42:00,30731.75,30744.25,30728.5,30736,6054,30736.375,19.12504137,0
874,2026-09-23T13:45:00,30736,30752.25,30735.75,30748,4939,30744,18.93753841,0
875,2026-09-23T13:48:00,30747.5,30749.5,30740.75,30745.75,3640,30745.125,18.2098571,0
876,2026-09-23T13:51:00,30745.75,30768.75,30743.5,30757.25,7566,30756.125,18.71272445,0
877,2026-09-23T13:54:00,30757.75,30760.75,30745.5,30754,5541,30753.125,18.46538699,0
878,2026-09-23T13:57:00,30753.25,30763.75,30746.5,30762.25,4576,30755.125,18.37857363,0
879,2026-09-23T14:00:00,30762.25,30766.75,30757.5,30762.25,3851,30762.125,17.72653266,0
880,2026-09-23T14:03:00,30762.5,30767.25,30752.5,30758.75,5200,30759.875,17.51392318,0
881,2026-09-23T14:06:00,30758.75,30759.25,30740.75,30749.25,6573,30750,17.58435724,0
882,2026-09-23T14:09:00,30749,30782.25,30745.5,30779,10771,30763.875,18.95333172,0
883,2026-09-23T14:12:00,30779.25,30781.25,30765,30770,6300,30773.125,18.7602366,0
884,2026-09-23T14:15:00,30769.75,30772.25,30753.75,30762.75,6615,30763,18.74164827,0
885,2026-09-23T14:18:00,30762.75,30765.75,30741.5,30747.75,7236,30753.625,19.13510197,0
886,2026-09-23T14:21:00,30748,30757.75,30743.25,30746.75,5143,30750.5,18.80402326,0
887,2026-09-23T14:24:00,30746.75,30751,30741.25,30747.25,3667,30746.125,18.15730731,0
888,2026-09-23T14:27:00,30747.5,30757.75,30744,30746,4892,30750.875,17.84249964,0
889,2026-09-23T14:30:00,30746.25,30755.75,30744.75,30753.25,3481,30750.25,17.35374967,0
890,2026-09-23T14:33:00,30753.5,30763.25,30747,30763.25,6448,30755.125,17.27491041,0
891,2026-09-23T14:36:00,30763,30775.5,30761,30766.5,7501,30768.25,17.07670252,0
892,2026-09-23T14:39:00,30766.75,30769.5,30756.5,30757.25,4742,30763,16.78550948,0
893,2026-09-23T14:42:00,30757.25,30771.5,30755,30755.75,5051,30763.25,16.76511595,0
894,2026-09-23T14:45:00,30755.5,30757.25,30728.75,30746.75,11056,30743,17.60332195,0
895,2026-09-23T14:48:00,30747,30764,30742.5,30763,7165,30753.25,17.8816561,0
896,2026-09-23T14:51:00,30763.25,30773,30727.75,30736.25,12417,30750.375,19.83653781,0
897,2026-09-23T14:54:00,30736.25,30742.5,30711.5,30733.75,15897,30727,20.63392796,0
898,2026-09-23T14:57:00,30733.5,30756.25,30719,30746.75,18191,30737.625,21.82079025,0
899,2026-09-23T15:00:00,30746.75,30779.5,30744.75,30769.75,16832,30762.125,22.74430523,0
900,2026-09-23T15:03:00,30769.25,30776.5,30763,30766,7787,30769.75,22.08399772,0
901,2026-09-23T15:06:00,30765.75,30769.75,30756.75,30760.75,3401,30763.25,21.43514074,0
902,2026-09-23T15:09:00,30760.75,30761.75,30754,30755.75,2493,30757.875,20.45763068,0
903,2026-09-23T15:12:00,30756.25,30763.5,30755.75,30760,2017,30759.625,19.54994278,0
904,2026-09-23T15:15:00,30760,30765,30751.5,30752.75,2057,30758.25,19.11780401,0
905,2026-09-23T15:18:00,30753.25,30758.5,30750.25,30757.25,1528,30754.375,18.34153229,0
906,2026-09-23T15:21:00,30757.25,30761.25,30754.25,30759.5,1035,30757.75,17.53142284,0
907,2026-09-23T15:24:00,30759,30764.5,30758,30762,938,30761.25,16.74346407,0
908,2026-09-23T15:27:00,30762,30765.5,30760.75,30763.5,829,30763.125,15.88678806,0
909,2026-09-23T15:30:00,30764,30764.75,30757.5,30763.5,1054,30761.125,15.26987463,0
910,2026-09-23T15:33:00,30763.25,30769,30761.75,30765,1006,30765.375,14.69702644,0
911,2026-09-23T15:36:00,30765,30765.25,30760,30760.25,858,30762.625,14.02223884,0
912,2026-09-23T15:39:00,30760.25,30770.75,30760,30769.25,1039,30765.375,13.78850749,0
913,2026-09-23T15:42:00,30769.75,30773.25,30769,30770.75,992,30771.125,13.10718553,0
914,2026-09-23T15:45:00,30771,30774.75,30768.75,30774.5,889,30771.75,12.59952942,0
915,2026-09-23T15:48:00,30774.25,30776.75,30771,30771.75,1532,30773.875,12.11027732,0
916,2026-09-23T15:51:00,30771.25,30772.5,30768,30770.25,953,30770.25,11.56668608,0
917,2026-09-23T15:54:00,30770,30774,30769.75,30773.25,499,30771.875,11.04406565,0
918,2026-09-23T15:57:00,30773.25,30776,30770.75,30773.25,948,30773.375,10.63020382,0
919,2026-09-23T16:00:00,30772.75,30777,30768,30775.5,686,30772.5,10.51376069,0
920,2026-09-23T17:03:00,30780,30805.75,30778.25,30802.25,4571,30792,11.92349207,1
921,2026-09-23T17:06:00,30801.75,30805.5,30777.25,30792.75,2426,30791.375,13.0896712,0
922,2026-09-23T17:09:00,30792.75,30808.75,30787.25,30801.25,2209,30798,13.69040898,0
923,2026-09-23T17:12:00,30802,30806,30799,30802.5,1015,30802.5,13.21252262,0
924,2026-09-23T17:15:00,30801.5,30806.25,30799,30805.25,812,30802.625,12.78662815,0
925,2026-09-23T17:18:00,30804.75,30814.25,30799.75,30799.75,2730,30807,12.90901185,0
926,2026-09-23T17:21:00,30800,30802,30789.75,30794.5,1808,30795.875,12.86193958,0
927,2026-09-23T17:24:00,30794.5,30795.5,30786,30792,1422,30790.75,12.62180103,0
928,2026-09-23T17:27:00,30792,30794,30788.25,30789,888,30791.125,12.1309581,0
929,2026-09-23T17:30:00,30789,30792.25,30782,30786,1410,30787.125,11.99660395,0
930,2026-09-23T17:33:00,30786,30801.75,30780.75,30798.5,2145,30791.25,12.63970367,0
931,2026-09-23T17:36:00,30798.5,30798.5,30780,30782.5,1497,30789.25,13.05829627,0
932,2026-09-23T17:39:00,30783.5,30788.75,30779.75,30784.75,1137,30784.25,12.76841796,0
933,2026-09-23T17:42:00,30785.5,30790.5,30783.5,30788,892,30787,12.35638811,0
934,2026-09-23T17:45:00,30788.25,30798.75,30788,30795.25,1418,30793.375,12.2416461,0
935,2026-09-23T17:48:00,30795.5,30799,30788.25,30795.75,1269,30793.625,12.13509995,0
936,2026-09-23T17:51:00,30795.75,30799.75,30793.25,30797.5,612,30796.5,11.73259281,0
937,2026-09-23T17:54:00,30797.5,30801.75,30794.5,30794.75,999,30798.125,11.41240761,0
938,2026-09-23T17:57:00,30794.5,30796.25,30791,30793,616,30793.625,10.97223564,0
939,2026-09-23T18:00:00,30793.25,30795,30791.75,30794.5,323,30793.375,10.42064738,0
940,2026-09-23T18:03:00,30794,30797.75,30790,30796.5,906,30793.875,10.22988685,0
941,2026-09-23T18:06:00,30796.75,30800,30791,30793.5,748,30795.5,10.14203779,0
942,2026-09-23T18:09:00,30793.75,30794.75,30792,30793.5,263,30793.375,9.61403509,0
943,2026-09-23T18:12:00,30793.25,30795.75,30789.75,30791,467,30792.75,9.35588973,0
944,2026-09-23T18:15:00,30791.75,30793.75,30783.5,30786.75,1258,30788.625,9.41975475,0
945,2026-09-23T18:18:00,30786.25,30792.5,30782.5,30785.25,1294,30787.5,9.46120084,0
946,2026-09-23T18:21:00,30785.5,30786.75,30766.25,30780,3037,30776.5,10.24968649,0
947,2026-09-23T18:24:00,30780.25,30780.5,30768.25,30770,2413,30774.375,10.39256603,0
948,2026-09-23T18:27:00,30769.75,30774.25,30768.25,30770.5,1319,30771.25,10.07881131,0
949,2026-09-23T18:30:00,30770.5,30772.25,30763.5,30770.5,1940,30767.875,9.98389622,0
950,2026-09-23T18:33:00,30771,30772.75,30766,30768.5,1010,30769.375,9.75290363,0
951,2026-09-23T18:36:00,30768.75,30771.5,30760.75,30768,1562,30766.125,9.8241248,0
952,2026-09-23T18:39:00,30767.25,30773,30761.5,30772,1323,30767.25,9.94383017,0
953,2026-09-23T18:42:00,30772.25,30777,30770.75,30772.5,1734,30773.875,9.67998516,0
954,2026-09-23T18:45:00,30772.5,30773.75,30753,30766.75,2493,30763.375,10.4707005,0
955,2026-09-23T18:48:00,30767.5,30771.75,30756.5,30760,2145,30764.125,10.81207904,0
956,2026-09-23T18:51:00,30759.75,30764.75,30744,30751.75,2982,30754.375,11.52193054,0
957,2026-09-23T18:54:00,30752.25,30768.25,30750,30764,2313,30759.125,12.00250693,0
958,2026-09-23T18:57:00,30763.75,30770,30758.75,30761.25,1561,30764.375,11.94875643,0
959,2026-09-23T19:00:00,30760.25,30762.75,30752.5,30753.5,1197,30757.625,11.82741669,0
960,2026-09-23T19:03:00,30753.5,30761,30745.5,30751,3072,30753.25,12.08974407,0
961,2026-09-23T19:06:00,30750.5,30757.5,30739.5,30748.5,3270,30748.5,12.5119052,0
962,2026-09-23T19:09:00,30749,30752.75,30744,30747,1904,30748.375,12.24319769,0
963,2026-09-23T19:12:00,30747.75,30747.75,30723.75,30724.5,4097,30735.75,13.08296928,0
964,2026-09-23T19:15:00,30724.75,30739.75,30721,30728.5,4486,30730.375,13.48775719,0
965,2026-09-23T19:18:00,30728.5,30744.25,30725.75,30739.25,3432,30735,13.84577454,0
966,2026-09-23T19:21:00,30738.5,30750.25,30735.5,30747.25,2802,30742.875,13.91036207,0
967,2026-09-23T19:24:00,30747.5,30747.5,30726.5,30728,2845,30737,14.41676478,0
968,2026-09-23T19:27:00,30728,30737,30727.25,30733,1769,30732.125,14.08342444,0
969,2026-09-23T19:30:00,30732.75,30737.5,30728,30735,1170,30732.75,13.75603698,0
970,2026-09-23T19:33:00,30734.75,30749.5,30729.25,30741.5,2642,30739.375,14.21989148,0
971,2026-09-23T19:36:00,30741.75,30747,30739,30739.75,1320,30743,13.77561352,0
972,2026-09-23T19:39:00,30739.75,30743.75,30733.75,30737.75,1762,30738.75,13.50592684,0
973,2026-09-23T19:42:00,30737.75,30738.75,30726.25,30728,1835,30732.5,13.43407492,0
974,2026-09-23T19:45:00,30728,30730.5,30715,30721.25,3164,30722.75,13.581641,0
975,2026-09-23T19:48:00,30722.25,30722.5,30706.5,30707.5,3835,30714.5,13.75438093,0
976,2026-09-23T19:51:00,30707.5,30721,30705.5,30712.75,4428,30713.25,13.879068,0
977,2026-09-23T19:54:00,30712.75,30715.25,30703.5,30706,2330,30709.375,13.72699172,0
978,2026-09-23T19:57:00,30706,30723.25,30704.25,30718.5,3157,30713.75,14.10363517,0
979,2026-09-23T20:00:00,30719,30731.5,30718.25,30725.75,3152,30724.875,14.04266122,0
980,2026-09-23T20:03:00,30726.25,30741.75,30723.25,30741.25,4310,30732.5,14.36104257,0
981,2026-09-23T20:06:00,30741.25,30744.75,30730,30730.75,3398,30737.375,14.38882524,0
982,2026-09-23T20:09:00,30730.25,30758.5,30730.25,30753.25,4976,30744.375,15.37890915,0
983,2026-09-23T20:12:00,30753.5,30754.5,30739.75,30740.25,2735,30747.125,15.33398707,0
984,2026-09-23T20:15:00,30740.5,30756,30737.5,30754.5,2096,30746.75,15.56013085,0
985,2026-09-23T20:18:00,30754.25,30755,30744,30744.75,2168,30749.5,15.23440722,0
986,2026-09-23T20:21:00,30745,30753.25,30743,30749.75,1276,30748.125,14.87837813,0
987,2026-09-23T20:24:00,30749.5,30750.5,30741.75,30744.75,1381,30746.125,14.44063684,0
988,2026-09-23T20:27:00,30745,30749,30734.5,30743.25,2389,30741.75,14.44487706,0
989,2026-09-23T20:30:00,30743.75,30746.25,30732.5,30737.5,1639,30739.375,14.39524299,0
990,2026-09-23T20:33:00,30737.75,30760.75,30732.75,30755.25,3959,30746.75,15.36701134,0
991,2026-09-23T20:36:00,30755,30760.25,30747.75,30749.25,3234,30754,15.16222482,0
992,2026-09-23T20:39:00,30750.75,30756.25,30742.75,30749.5,2122,30749.5,15.04349448,0
993,2026-09-23T20:42:00,30749.5,30757.5,30742.75,30753,2151,30750.125,15.02253058,0
994,2026-09-23T20:45:00,30753,30755.25,30735.25,30735.25,2559,30745.25,15.37806411,0
995,2026-09-23T20:48:00,30735,30739,30720.5,30725,4496,30729.75,15.60105953,0
996,2026-09-23T20:51:00,30725.25,30731.75,30713.5,30715.75,4203,30722.625,15.79026957,0
997,2026-09-23T20:54:00,30715.25,30746.5,30715.25,30745.5,3986,30730.875,16.89453603,0
998,2026-09-23T20:57:00,30745.5,30747,30730.5,30736,2438,30738.75,16.86635488,0
999,2026-09-23T21:00:00,30736.75,30745.5,30733.5,30743.75,1546,30739.5,16.5187581,0
1000,2026-09-23T21:03:00,30743.25,30751,30739,30741.75,2023,30745,16.19598967,0
1001,2026-09-23T21:06:00,30742.25,30743.25,30725,30726.5,2339,30734.125,16.34270469,0
1002,2026-09-23T21:09:00,30726.75,30727,30709,30710.75,3317,30718,16.46108293,0
1003,2026-09-23T21:12:00,30711,30720.25,30709.25,30717.5,2322,30714.75,16.07100558,0
1004,2026-09-23T21:15:00,30717.25,30728.75,30715.5,30725,1743,30722.125,15.86950518,0
1005,2026-09-23T21:18:00,30725,30741.5,30724.25,30737,3142,30732.875,15.96811195,0
1006,2026-09-23T21:21:00,30737.5,30742.5,30735,30735.25,1313,30738.75,15.36324681,0
1007,2026-09-23T21:24:00,30735.25,30737.5,30729.75,30733,1459,30733.625,14.81944347,0
1008,2026-09-23T21:27:00,30733.25,30736,30728.75,30730.25,1256,30732.375,14.27876893,0
1009,2026-09-23T21:30:00,30730,30735.5,30724.25,30729.25,1741,30729.875,14.0624283,0
1010,2026-09-23T21:33:00,30729,30745.75,30726.5,30741,2348,30736.125,14.43296913,0
1011,2026-09-23T21:36:00,30740.5,30744,30738,30740,1021,30741,13.83061419,0
1012,2026-09-23T21:39:00,30739.25,30747.25,30735.25,30742.25,1218,30741.25,13.69985604,0
1013,2026-09-23T21:42:00,30742,30747,30737.5,30744.25,953,30742.25,13.39986632,0
1014,2026-09-23T21:45:00,30744.75,30747,30740.5,30745,662,30743.75,12.90701873,0
1015,2026-09-23T21:48:00,30745.25,30747.75,30741.25,30744.25,927,30744.5,12.44937453,0
1016,2026-09-23T21:51:00,30744.5,30745,30738.75,30742.5,607,30741.875,12.00656207,0
1017,2026-09-23T21:54:00,30743.25,30743.75,30737.5,30738.5,490,30740.625,11.59537906,0
1018,2026-09-23T21:57:00,30738.5,30747.25,30737.25,30743.5,923,30742.25,11.48142341,0
1019,2026-09-23T22:00:00,30743.5,30744.75,30739,30741.75,693,30741.875,11.07203603,0
1020,2026-09-23T22:03:00,30740.75,30742,30734,30736.5,1252,30738,10.85260488,0
1021,2026-09-23T22:06:00,30736.25,30737.5,30730.5,30731,1096,30734,10.57741882,0
1022,2026-09-23T22:09:00,30731.75,30732,30708.25,30712,3561,30720.125,11.51831747,0
1023,2026-09-23T22:12:00,30712,30714.75,30703.75,30712,2721,30709.25,11.4812948,0
1024,2026-09-23T22:15:00,30712,30720.25,30706.25,30719.25,1864,30713.25,11.66120231,0
1025,2026-09-23T22:18:00,30719.25,30722,30710.5,30720,1956,30716.25,11.64968786,0
1026,2026-09-23T22:21:00,30719.75,30723.25,30716.75,30718.75,1134,30720,11.28185301,0
1027,2026-09-23T22:24:00,30718.75,30719.75,30710.75,30712.25,1531,30715.25,11.11886351,0
1028,2026-09-23T22:27:00,30712.5,30720,30698,30708.25,2764,30709,11.89608755,0
1029,2026-09-23T22:30:00,30708.75,30710.75,30702.75,30706.25,1060,30706.75,11.61779558,0
1030,2026-09-23T22:33:00,30706.25,30707.5,30698.5,30706.75,1752,30703,11.43081018,0
1031,2026-09-23T22:36:00,30706.5,30708.75,30702,30703,782,30705.375,11.0964666,0
1032,2026-09-23T22:39:00,30702.5,30705.75,30698.5,30705,1151,30702.125,10.82171898,0
1033,2026-09-23T22:42:00,30705,30707.25,30701.75,30702.25,968,30704.5,10.4415962,0
1034,2026-09-23T22:45:00,30701.75,30702.5,30687.75,30692,3212,30695.125,10.74933933,0
1035,2026-09-23T22:48:00,30692.75,30699.25,30690,30697.25,1296,30694.625,10.64224366,0
1036,2026-09-23T22:51:00,30697,30705,30696.75,30703.75,1328,30700.875,10.47136911,0
1037,2026-09-23T22:54:00,30703.75,30708.25,30696.5,30703,1636,30702.375,10.56269989,0
1038,2026-09-23T22:57:00,30702.75,30709.75,30701,30705.25,1485,30705.375,10.43322133,0
1039,2026-09-23T23:00:00,30705.5,30708.75,30699.5,30707,924,30704.125,10.34870552,0
1040,2026-09-23T23:03:00,30707.5,30708,30685.5,30686.5,2998,30696.75,11.21665512,0
1041,2026-09-23T23:06:00,30686.75,30687.25,30656.25,30667.25,11527,30671.75,12.62975119,0
1042,2026-09-23T23:09:00,30667,30671,30658.25,30660.5,2516,30664.625,12.63834039,0
1043,2026-09-23T23:12:00,30661,30670,30660.5,30666.75,1507,30665.25,12.41417322,0
1044,2026-09-23T23:15:00,30667,30669,30653.25,30658.75,2644,30661.125,12.65244656,0
1045,2026-09-23T23:18:00,30657.75,30667.25,30651,30655.75,3057,30659.125,12.90941466,0
1046,2026-09-23T23:21:00,30656.25,30664.5,30651.25,30661.25,2880,30657.875,12.93374219,0
1047,2026-09-23T23:24:00,30662,30670,30658.75,30659.25,1692,30664.375,12.81347489,0
1048,2026-09-23T23:27:00,30659,30665.75,30655.25,30661,1528,30660.5,12.64822668,0
1049,2026-09-23T23:30:00,30661.75,30677.75,30659,30675.75,1648,30668.375,13.08406763,0
1050,2026-09-23T23:33:00,30675.75,30687.75,30673,30683.5,2622,30680.375,13.2030628,0
1051,2026-09-23T23:36:00,30683.75,30696.25,30683.25,30694.5,2374,30689.75,13.18855832,0
1052,2026-09-23T23:39:00,30694,30700,30689.5,30697,1501,30694.75,12.99651844,0
1053,2026-09-23T23:42:00,30697.5,30697.75,30687,30690.25,1482,30692.375,12.83605283,0
1054,2026-09-23T23:45:00,30692,30692,30677.25,30681.25,2203,30684.625,12.97276335,0
1055,2026-09-23T23:48:00,30681.25,30681.75,30674.25,30677,1375,30678,12.58185168,0
1056,2026-09-23T23:51:00,30676.5,30681,30673.5,30678.25,995,30677.25,12.21886227,0
1057,2026-09-23T23:54:00,30678,30680.5,30674.5,30680.5,568,30677.5,11.77465782,0
1058,2026-09-23T23:57:00,30680.75,30688,30675.75,30687.5,1287,30681.875,11.80861084,0
1059,2026-09-24T00:00:00,30687.75,30690,30679.75,30686.5,1473,30684.875,11.69728149,0
1060,2026-09-24T00:03:00,30686,30704.75,30686,30704.25,2580,30695.375,12.2010471,0
1061,2026-09-24T00:06:00,30704,30707.5,30698.5,30704,1431,30703,11.97240088,0
1062,2026-09-24T00:09:00,30704.25,30716,30699.75,30703.75,2397,30707.875,12.27794367,0
1063,2026-09-24T00:12:00,30703.25,30704.75,30692.25,30693,1420,30698.5,12.29380484,0
1064,2026-09-24T00:15:00,30693,30695.25,30688,30691.75,952,30691.625,11.93353306,0
1065,2026-09-24T00:18:00,30691.25,30697,30686.75,30694,1461,30691.875,11.8132807,0
1066,2026-09-24T00:21:00,30694,30698.5,30691.5,30694.5,862,30695,11.46947494,0
1067,2026-09-24T00:24:00,30694.5,30694.75,30677.75,30686.5,2756,30686.25,11.86451244,0
1068,2026-09-24T00:27:00,30687,30693.75,30683.25,30688.25,1113,30688.5,11.76704727,0
1069,2026-09-24T00:30:00,30688.25,30710.25,30686.75,30707,2457,30698.5,12.60511532,0
1070,2026-09-24T00:33:00,30707,30709.75,30701,30705,1226,30705.375,12.32974994,0
1071,2026-09-24T00:36:00,30705.25,30709.5,30690.75,30691.25,1571,30700.125,12.78833923,0
1072,2026-09-24T00:39:00,30691,30694.5,30687.75,30691.25,1174,30691.125,12.35702929,0
1073,2026-09-24T00:42:00,30691,30698.25,30685.25,30688.75,1617,30691.75,12.40295576,0
1074,2026-09-24T00:45:00,30688.5,30691,30669.75,30670.75,2650,30680.375,13.0348875,0
1075,2026-09-24T00:48:00,30670.25,30670.5,30657.75,30663.75,2904,30664.125,13.03239553,0
1076,2026-09-24T00:51:00,30664.75,30666.25,30656,30657.75,1436,30661.125,12.83365299,0
1077,2026-09-24T00:54:00,30657.5,30670.25,30656.75,30656.75,1730,30663.5,12.88124921,0
1078,2026-09-24T00:57:00,30657.5,30661.25,30629,30630.75,5236,30645.125,14.26473141,0
1079,2026-09-24T01:00:00,30630.75,30633.25,30607.5,30608.5,6030,30620.375,15.08510774,0
1080,2026-09-24T01:03:00,30608,30611,30573.25,30576,7596,30592.125,16.70402861,0
1081,2026-09-24T01:06:00,30575.75,30589.5,30568.5,30575.75,5401,30579,17.01088371,0
1082,2026-09-24T01:09:00,30575,30615,30563.75,30605.5,7615,30589.375,19.45653487,0
1083,2026-09-24T01:12:00,30606.25,30622.25,30597,30616.75,4131,30609.625,19.87035381,0
1084,2026-09-24T01:15:00,30617.5,30628,30613.25,30619.5,3092,30620.625,19.50461425,0
1085,2026-09-24T01:18:00,30619.5,30630.25,30610.5,30625.75,3726,30620.375,19.52214181,0
1086,2026-09-24T01:21:00,30626.25,30631.25,30590.25,30591,3816,30610.75,21.05627454,0
1087,2026-09-24T01:24:00,30591.75,30597.5,30583.25,30585.25,3034,30590.375,20.57011207,0
1088,2026-09-24T01:27:00,30584.75,30608.25,30582.5,30602.5,3036,30595.375,20.94010406,0
1089,2026-09-24T01:30:00,30602.5,30607.25,30589.5,30600.25,2793,30598.375,20.71223949,0
1090,2026-09-24T01:33:00,30600.25,30600.25,30587,30589.5,2380,30593.625,20.17922238,0
1091,2026-09-24T01:36:00,30589,30589.75,30577.75,30582.75,2438,30583.75,19.59499221,0
1092,2026-09-24T01:39:00,30582.5,30587,30567.25,30571.75,3026,30577.125,19.6060642,0
1093,2026-09-24T01:42:00,30571.25,30578.75,30562.5,30570.75,3248,30570.625,19.36634533,0
1094,2026-09-24T01:45:00,30570.5,30592.75,30567.25,30578,3298,30580,19.80446352,0
1095,2026-09-24T01:48:00,30578,30588.5,30575,30576.5,2076,30581.75,19.35414469,0
1096,2026-09-24T01:51:00,30576.5,30586.25,30572,30574,1897,30579.125,18.98956293,0
1097,2026-09-24T01:54:00,30573.5,30576.75,30553.75,30557.75,3294,30565.25,19.27602272,0
1098,2026-09-24T01:57:00,30558,30568.25,30545.5,30555.25,3336,30556.875,19.52416395,0
1099,2026-09-24T02:00:00,30556,30558.25,30535,30541.5,3123,30546.625,19.7902951,0
1100,2026-09-24T02:03:00,30540.75,30561,30522,30524.5,7885,30541.5,21.16241688,0
1101,2026-09-24T02:06:00,30524.5,30551.5,30513,30547.75,6709,30532.25,22.40081567,0
1102,2026-09-24T02:09:00,30547.75,30588.75,30542.5,30582.5,5339,30565.625,24.10432884,0
1103,2026-09-24T02:12:00,30582.25,30594,30581,30585.5,2790,30587.5,23.31116249,0
1104,2026-09-24T02:15:00,30583.75,30595.5,30575,30594.5,2686,30585.25,23.11036517,0
1105,2026-09-24T02:18:00,30594.25,30601.75,30580.5,30580.5,2953,30591.125,22.97748195,0
1106,2026-09-24T02:21:00,30581.25,30601,30576.75,30592.25,2059,30588.875,23.06837609,0
1107,2026-09-24T02:24:00,30590.75,30595,30582.75,30589,1501,30588.875,22.29563494,0
1108,2026-09-24T02:27:00,30588.5,30591.25,30574.5,30588.25,2134,30582.875,21.89951816,0
1109,2026-09-24T02:30:00,30588,30609,30586.75,30606.5,2441,30597.875,21.92455258,0
1110,2026-09-24T02:33:00,30606.75,30615.5,30601,30605.25,4389,30608.25,21.39422739,0
1111,2026-09-24T02:36:00,30605.5,30620,30601.25,30617,2598,30610.625,21.20535401,0
1112,2026-09-24T02:39:00,30615.75,30631.75,30614.75,30625.75,2785,30623.25,20.90497158,0
1113,2026-09-24T02:42:00,30625.25,30626.75,30615,30616,1550,30620.875,20.25104504,0
1114,2026-09-24T02:45:00,30616,30627,30610.5,30622,1835,30618.75,19.98311325,0
1115,2026-09-24T02:48:00,30620.75,30623.5,30608.5,30609.5,1570,30616,19.62717659,0
1116,2026-09-24T02:51:00,30610,30613,30597,30604.25,2102,30605,19.36809255,0
1117,2026-09-24T02:54:00,30604.75,30610.5,30594,30599.25,1862,30602.25,19.16322879,0
1118,2026-09-24T02:57:00,30599.5,30601.25,30564.5,30569,3304,30582.875,20.41942674,0
1119,2026-09-24T03:00:00,30569.75,30573,30558.5,30558.5,2192,30565.75,19.99661054,0
1120,2026-09-24T03:03:00,30559,30590.5,30551.25,30560,6839,30570.875,21.37185265,0
1121,2026-09-24T03:06:00,30559.5,30565.5,30533,30537.75,5418,30549.25,22.16672031,0
1122,2026-09-24T03:09:00,30537.75,30545,30528.5,30529,3155,30536.75,21.76195458,0
1123,2026-09-24T03:12:00,30529.25,30537.25,30496.5,30507.5,4867,30516.875,23.11824354,0
1124,2026-09-24T03:15:00,30507,30511,30479.5,30487.75,5486,30495.25,23.71694043,0
1125,2026-09-24T03:18:00,30487.25,30511.25,30479.5,30501.5,4989,30495.375,24.2907304,0
1126,2026-09-24T03:21:00,30502.75,30503.25,30476.25,30480,3930,30489.75,24.48424965,0
1127,2026-09-24T03:24:00,30479.75,30488.5,30472.5,30478,3687,30480.5,23.87823182,0
1128,2026-09-24T03:27:00,30479,30494.25,30457.5,30463,4652,30475.875,24.79764383,0
1129,2026-09-24T03:30:00,30462.5,30466.5,30453.5,30455.5,3495,30460,23.95495499,0
1130,2026-09-24T03:33:00,30455.5,30492.25,30453.75,30490.75,4382,30473,24.99388678,0
1131,2026-09-24T03:36:00,30491.25,30498,30441.5,30446.75,6389,30469.75,27.24432343,0
1132,2026-09-24T03:39:00,30446.25,30448.5,30431,30442.75,4084,30439.75,26.54830033,0
1133,2026-09-24T03:42:00,30442.5,30453,30430.25,30434.5,3474,30441.625,26.27699317,0
1134,2026-09-24T03:45:00,30434.5,30458.25,30431.25,30447.5,3289,30444.75,26.32863651,0
1135,2026-09-24T03:48:00,30446.75,30457.25,30430,30436,2748,30443.625,26.39444819,0
1136,2026-09-24T03:51:00,30436,30436.25,30407,30412.75,4292,30421.625,26.59841617,0
1137,2026-09-24T03:54:00,30412,30435,30411.75,30423.5,3169,30423.375,26.35924359,0
1138,2026-09-24T03:57:00,30423.5,30431,30416.5,30423.25,1954,30423.75,25.51215476,0
1139,2026-09-24T04:00:00,30422.25,30435.5,30420,30432.75,1841,30427.75,24.79700085,0
1140,2026-09-24T04:03:00,30432.75,30455.5,30425.75,30442.75,3028,30440.625,25.1507865,0
1141,2026-09-24T04:06:00,30441.75,30449.5,30432,30437.75,2418,30440.75,24.60430175,0
1142,2026-09-24T04:09:00,30437,30456,30426.75,30449.25,2602,30441.375,24.93613734,0
1143,2026-09-24T04:12:00,30449,30452.75,30429,30431.25,2179,30440.875,24.85141325,0
1144,2026-09-24T04:15:00,30431.75,30433.25,30418,30431.5,2681,30425.625,24.16559802,0
1145,2026-09-24T04:18:00,30431.5,30441.75,30426,30429.25,2075,30433.875,23.56448387,0
1146,2026-09-24T04:21:00,30429,30452,30421.5,30451.25,2081,30436.75,24.05987788,0
1147,2026-09-24T04:24:00,30450.75,30453.25,30434.5,30451,2472,30443.875,23.68060089,0
1148,2026-09-24T04:27:00,30450.75,30464.5,30447,30452.5,2522,30455.75,23.2391294,0
1149,2026-09-24T04:30:00,30453.25,30454,30437.25,30442.75,1611,30445.625,22.77562015,0
1150,2026-09-24T04:33:00,30442.5,30444.75,30423.75,30436.5,2354,30434.25,22.64879014,0
1151,2026-09-24T04:36:00,30436.25,30440.25,30427.25,30431.5,1237,30433.75,21.95959085,0
1152,2026-09-24T04:39:00,30431.25,30433.25,30404.75,30411,3059,30419,22.42676293,0
1153,2026-09-24T04:42:00,30410.75,30419.25,30390.25,30394,3853,30404.75,22.89627986,0
1154,2026-09-24T04:45:00,30393.25,30401.5,30370.75,30377.75,6054,30386.125,23.45725987,0
1155,2026-09-24T04:48:00,30376.75,30401,30372.25,30391.5,3086,30386.625,23.83531274,0
1156,2026-09-24T04:51:00,30390.75,30417.5,30388.25,30412.5,2668,30402.875,24.22207612,0
1157,2026-09-24T04:54:00,30411.75,30421,30407.75,30414.75,2052,30414.375,23.43835639,0
1158,2026-09-24T04:57:00,30415.25,30435,30401.5,30429,3334,30418.25,24.15704522,0
1159,2026-09-24T05:00:00,30429,30438,30419.75,30437.25,1638,30428.875,23.73511342,0
1160,2026-09-24T05:03:00,30437.25,30451.25,30430.5,30439.25,2765,30440.875,23.52189103,0
1161,2026-09-24T05:06:00,30439.75,30443.5,30422.25,30423.75,2075,30432.875,23.3596131,0
1162,2026-09-24T05:09:00,30423.5,30425.75,30416,30422.25,1652,30420.875,22.38749788,0
1163,2026-09-24T05:12:00,30421.5,30445.25,30420,30434.25,3451,30432.625,22.59196232,0
1164,2026-09-24T05:15:00,30433.5,30438.75,30423.25,30437.5,1507,30431,22.08539358,0
1165,2026-09-24T05:18:00,30437.25,30459.75,30434.5,30452.75,2974,30447.125,22.3114369,0
1166,2026-09-24T05:21:00,30452.25,30457.5,30438.75,30443.75,2135,30448.125,22.05704855,0
1167,2026-09-24T05:24:00,30443.5,30447.5,30433.5,30434.75,1510,30440.5,21.48154508,0
1168,2026-09-24T05:27:00,30434.25,30447,30414,30429.5,5237,30430.5,22.30429186,0
1169,2026-09-24T05:30:00,30429.5,30449.25,30421,30432.75,3923,30435.125,22.7289853,0
1170,2026-09-24T05:33:00,30433.75,30449.25,30420.25,30447.25,2981,30434.75,23.17691492,0
1171,2026-09-24T05:36:00,30447.25,30461.5,30443.25,30458.5,1984,30452.375,22.82499243,0
1172,2026-09-24T05:39:00,30458.25,30469.25,30449.5,30467.25,2279,30459.375,22.60535011,0
1173,2026-09-24T05:42:00,30467,30481.75,30467,30477,3243,30474.375,22.04425367,0
1174,2026-09-24T05:45:00,30476.75,30485.5,30476,30478.25,1571,30480.75,21.14823555,0
1175,2026-09-24T05:48:00,30478,30483.5,30470.5,30477,1389,30477,20.56621873,0
1176,2026-09-24T05:51:00,30476,30524.25,30473.5,30505,8188,30498.875,22.7222031,0
1177,2026-09-24T05:54:00,30504.5,30510,30488.25,30491,2228,30499.125,22.65276003,0
1178,2026-09-24T05:57:00,30491.25,30493.5,30472.75,30480.25,2293,30483.125,22.5168486,0
1179,2026-09-24T06:00:00,30479.75,30493.5,30478,30489.25,1920,30485.75,22.01564512,0
1180,2026-09-24T06:03:00,30489.25,30506,30479,30487.5,3578,30492.5,22.37167047,0
1181,2026-09-24T06:06:00,30487.75,30490.25,30473.75,30481.25,1591,30482,21.95226544,0
1182,2026-09-24T06:09:00,30480.5,30487,30463.75,30466.5,2456,30475.375,22.04496076,0
1183,2026-09-24T06:12:00,30467,30478.25,30464,30466,1808,30471.125,21.48817785,0
1184,2026-09-24T06:15:00,30466.25,30490.75,30456,30488.5,3588,30473.375,22.43545086,0
1185,2026-09-24T06:18:00,30488.75,30512.5,30478.25,30489.5,6464,30495.375,23.27934723,0
1186,2026-09-24T06:21:00,30490.5,30495.25,30480.75,30489.5,2579,30488,22.652251,0
1187,2026-09-24T06:24:00,30488,30497,30476,30494,1801,30486.5,22.53423307,0
1188,2026-09-24T06:27:00,30494.5,30499.75,30480.25,30486.5,1619,30490,22.31750214,0
1189,2026-09-24T06:30:00,30485.5,30486.25,30470.5,30471.5,1331,30478.375,21.86625198,0
1190,2026-09-24T06:33:00,30470.5,30501.25,30470.5,30481.25,2665,30485.875,22.50080541,0
1191,2026-09-24T06:36:00,30481.75,30487,30453,30465.75,2894,30470,23.32217646,0
1192,2026-09-24T06:39:00,30465.75,30467,30446.75,30447.75,1920,30456.875,23.10273528,0
1193,2026-09-24T06:42:00,30448,30452.25,30443,30450.5,1438,30447.625,22.11325419,0
1194,2026-09-24T06:45:00,30450.75,30452.25,30443.5,30451.5,1125,30447.875,21.15873603,0
1195,2026-09-24T06:48:00,30451.75,30452,30438,30444,1930,30445,20.64739774,0
1196,2026-09-24T06:51:00,30445.25,30446,30428,30436,2562,30437,20.45829791,0
1197,2026-09-24T06:54:00,30436.5,30442.5,30431.75,30437,1413,30437.125,19.76484806,0
1198,2026-09-24T06:57:00,30437.25,30449,30431.5,30436.25,1980,30440.25,19.60307319,0
1199,2026-09-24T07:00:00,30436.5,30475,30434,30462.5,4972,30454.5,21.13142511,0
1200,2026-09-24T07:03:00,30462.25,30467.75,30424,30452.5,5988,30445.875,22.7470376,0
1201,2026-09-24T07:06:00,30453,30458.5,30433.75,30447.5,2627,30446.125,22.89010634,0
1202,2026-09-24T07:09:00,30447.5,30462.75,30442.25,30461.25,2213,30452.5,22.71938446,0
1203,2026-09-24T07:12:00,30460.75,30468,30454,30462,1767,30461,22.09657129,0
1204,2026-09-24T07:15:00,30462.5,30487.75,30462.25,30482.75,3155,30475,22.35753048,0
1205,2026-09-24T07:18:00,30482.25,30501.75,30477.5,30498,3394,30489.625,22.49270687,0
1206,2026-09-24T07:21:00,30497.25,30509.5,30488.75,30499.25,2786,30499.125,22.36822781,0
1207,2026-09-24T07:24:00,30500.5,30505.5,30489.75,30494.5,2534,30497.625,21.89549725,0
1208,2026-09-24T07:27:00,30494.75,30505,30456.25,30463.75,9770,30480.625,23.81367602,0
1209,2026-09-24T07:30:00,30463.75,30478.75,30456.25,30472,2712,30467.5,23.71984202,0
1210,2026-09-24T07:33:00,30472.5,30480.5,30452.25,30453.25,4161,30466.375,24.04342473,0
1211,2026-09-24T07:36:00,30452,30458,30429,30430,4226,30443.5,24.39746582,0
1212,2026-09-24T07:39:00,30430.25,30440,30420.5,30427.75,4166,30430.25,24.04764684,0
1213,2026-09-24T07:42:00,30427.75,30464.5,30427.5,30463.25,4723,30446,24.97281492,0
1214,2026-09-24T07:45:00,30462.75,30479,30461.25,30473,4301,30470.125,24.45689957,0
1215,2026-09-24T07:48:00,30473,30480.25,30462.25,30468.5,2817,30471.25,23.99569246,0
1216,2026-09-24T07:51:00,30468.25,30481.25,30457.25,30462.5,3407,30469.25,23.99600014,0
1217,2026-09-24T07:54:00,30462.25,30475.25,30462,30463.75,2225,30468.625,23.2284287,0
1218,2026-09-24T07:57:00,30464,30497.75,30463.75,30476.5,5074,30480.75,23.99782665,0
1219,2026-09-24T08:00:00,30476.5,30491.75,30474.75,30486.5,3399,30483.25,23.49798189,0
1220,2026-09-24T08:03:00,30486.5,30510.5,30485,30509.75,5163,30497.75,23.64098318,0
1221,2026-09-24T08:06:00,30509,30509.75,30485,30490.75,5706,30497.375,23.72019867,0
1222,2026-09-24T08:09:00,30490.75,30499.25,30487.25,30493.75,2911,30493.25,22.88304162,0
1223,2026-09-24T08:12:00,30493.25,30519.75,30491,30517.25,3837,30505.375,23.30211008,0
1224,2026-09-24T08:15:00,30517,30519.75,30507.5,30510,2620,30513.625,22.51267364,0
1225,2026-09-24T08:18:00,30509.75,30521,30501.75,30518,3672,30511.375,22.27962553,0
1226,2026-09-24T08:21:00,30518.25,30522.5,30511.75,30513.5,3246,30517.125,21.45608085,0
1227,2026-09-24T08:24:00,30513.5,30513.75,30503.75,30509.5,3120,30508.75,20.63778936,0
1228,2026-09-24T08:27:00,30510,30519.5,30498.75,30513.25,4661,30509.125,20.6458044,0
1229,2026-09-24T08:30:00,30512.75,30526.25,30508.25,30519.25,6168,30517.25,20.45681837,0
1230,2026-09-24T08:33:00,30519.75,30545,30490.25,30506,42189,30517.625,22.90633135,0
1231,2026-09-24T08:36:00,30506.25,30566.75,30501.75,30561.25,31984,30534.25,25.91302196,0
1232,2026-09-24T08:39:00,30561.5,30606.75,30561.5,30605,31297,30584.125,27.31209182,0
1233,2026-09-24T08:42:00,30605,30605.5,30562.5,30565,23574,30584,28.43265669,0
1234,2026-09-24T08:45:00,30565,30587.5,30558.25,30583.5,19107,30572.875,28.49103836,0
1235,2026-09-24T08:48:00,30583.5,30622.75,30569,30615.75,26818,30595.875,30.2952499,0
1236,2026-09-24T08:51:00,30616,30616.75,30565,30574.75,25809,30590.875,31.82773205,0
1237,2026-09-24T08:54:00,30575,30590.25,30553.75,30559.25,20333,30572,32.16146548,0
1238,2026-09-24T08:57:00,30559,30563.5,30531.25,30549.5,25654,30547.375,32.16778937,0
1239,2026-09-24T09:00:00,30549,30583,30545,30579.75,14801,30564,32.58437585,0
1240,2026-09-24T09:03:00,30580,30610.25,30570,30590,23792,30590.125,33.13192043,0
1241,2026-09-24T09:06:00,30589.75,30611.75,30585.5,30604.75,13119,30598.625,32.64035468,0
1242,2026-09-24T09:09:00,30604.75,30617,30591.5,30599.5,13471,30604.25,32.13032935,0
1243,2026-09-24T09:12:00,30599.5,30608.5,30564,30574,16998,30586.25,33.01387725,0
1244,2026-09-24T09:15:00,30574,30588.5,30565.5,30585.75,12828,30577,32.29860031,0
1245,2026-09-24T09:18:00,30585.75,30596.25,30560.5,30575,18803,30578.375,32.54512886,0
1246,2026-09-24T09:21:00,30574.75,30603,30573.25,30599.25,14757,30588.125,32.34547679,0
1247,2026-09-24T09:24:00,30599.75,30616.5,30589.5,30609,13398,30603,31.96365702,0
1248,2026-09-24T09:27:00,30609,30616.5,30595,30613.25,12827,30605.75,31.21625295,0
1249,2026-09-24T09:30:00,30614,30638.25,30608.5,30630.5,20263,30623.375,31.1115206,0
1250,2026-09-24T09:33:00,30630.25,30630.5,30602.75,30612.5,17714,30616.625,30.87141198,0
1251,2026-09-24T09:36:00,30612.5,30644.25,30605.75,30634.25,14676,30625,31.41631113,0
1252,2026-09-24T09:39:00,30634.25,30634.75,30603.25,30605.25,14755,30619,31.4222889,0
1253,2026-09-24T09:42:00,30606.25,30614.5,30591,30597.25,13904,30602.75,30.85641112,0
1254,2026-09-24T09:45:00,30597.5,30616,30571.5,30579.5,18611,30593.75,31.83095319,0
1255,2026-09-24T09:48:00,30579.5,30607.25,30568.75,30603.25,17681,30588,32.30731367,0
1256,2026-09-24T09:51:00,30603,30614,30587,30589,17233,30600.5,31.92821984,0
1257,2026-09-24T09:54:00,30588.75,30595,30557.5,30571.75,18450,30576.25,32.32620414,0
1258,2026-09-24T09:57:00,30572,30574.25,30544,30551,14729,30559.125,32.17790384,0
1259,2026-09-24T10:00:00,30550.75,30553.25,30532.75,30542,14267,30543,31.34376785,0
1260,2026-09-24T10:03:00,30542.75,30569.25,30539,30550,18167,30554.125,31.26564158,0
1261,2026-09-24T10:06:00,30550.25,30573.5,30540.5,30543.5,17227,30557,31.38952432,0
1262,2026-09-24T10:09:00,30543.5,30552.25,30524,30534,14943,30538.125,31.16527258,0
1263,2026-09-24T10:12:00,30534.5,30534.75,30515,30529.5,12048,30524.875,30.34989597,0
1264,2026-09-24T10:15:00,30528.75,30537.75,30504,30511.25,16409,30520.875,30.59276055,0
1265,2026-09-24T10:18:00,30510.75,30547.25,30505.5,30538.5,22426,30526.375,31.38970622,0
1266,2026-09-24T10:21:00,30538.25,30539.5,30510,30515.75,12366,30524.75,31.2547272,0
1267,2026-09-24T10:24:00,30516,30546,30515.25,30544,13990,30530.625,31.21867526,0
1268,2026-09-24T10:27:00,30544.25,30558,30519.25,30520.75,15402,30538.625,31.75662703,0
1269,2026-09-24T10:30:00,30520.75,30523,30507,30514,10950,30515,30.63115367,0
1270,2026-09-24T10:33:00,30514,30520,30501.75,30517.5,12205,30510.875,29.74678555,0
1271,2026-09-24T10:36:00,30517.75,30537,30511.75,30531,11121,30524.375,29.42558658,0
1272,2026-09-24T10:39:00,30531,30544.25,30529.75,30531.25,11772,30537,28.35947326,0
1273,2026-09-24T10:42:00,30531,30531.5,30513.5,30524,12153,30522.5,27.61951088,0
1274,2026-09-24T10:45:00,30523.25,30540.75,30509.75,30537.5,9973,30525.25,27.86097439,0
1275,2026-09-24T10:48:00,30537.5,30550,30526.75,30528,11095,30538.375,27.53161907,0
1276,2026-09-24T10:51:00,30527.75,30546,30505.5,30545.75,13773,30525.75,28.457932,0
1277,2026-09-24T10:54:00,30545.75,30567.75,30543,30556.75,13551,30555.375,28.19307971,0
1278,2026-09-24T10:57:00,30556.75,30570,30546,30555,11757,30558,27.89357402,0
1279,2026-09-24T11:00:00,30555,30562,30546.5,30554,7207,30554.25,27.00831873,0
1280,2026-09-24T11:03:00,30554,30556.75,30523.5,30532.5,13664,30540.125,27.45415311,0
1281,2026-09-24T11:06:00,30532.75,30542,30525.5,30541.5,7655,30533.75,26.6717136,0
1282,2026-09-24T11:09:00,30541.5,30542,30517,30524,8254,30529.5,26.55230549,0
1283,2026-09-24T11:12:00,30524,30528.25,30506.25,30509.75,8204,30517.25,26.22714081,0
1284,2026-09-24T11:15:00,30510,30557.75,30507.5,30554.5,10631,30532.625,27.94305932,0
1285,2026-09-24T11:18:00,30554.75,30724.75,30554.25,30712.25,69248,30639.5,38.12569794,0
1286,2026-09-24T11:21:00,30711.5,30748.25,30664.75,30693,39743,30706.5,41.36671952,0
1287,2026-09-24T11:24:00,30692.5,30707,30671.5,30687.75,24408,30689.25,40.94766812,0
1288,2026-09-24T11:27:00,30687,30698.5,30653,30669.25,20084,30675.75,41.27283469,0
1289,2026-09-24T11:30:00,30669.5,30710,30650.75,30697.5,17161,30680.375,42.55691792,0
1290,2026-09-24T11:33:00,30697.75,30702.75,30661.5,30670.75,13906,30682.125,42.46356664,0
1291,2026-09-24T11:36:00,30670.75,30705.75,30668.5,30703.75,13311,30687.125,42.09116903,0
1292,2026-09-24T11:39:00,30703.75,30748,30703,30735.25,17288,30725.5,42.29894267,0
1293,2026-09-24T11:42:00,30736.25,30795.75,30734,30795.75,19882,30764.875,43.6883039,0
1294,2026-09-24T11:45:00,30795.5,30814.75,30744.25,30746.5,23876,30779.5,45.60342505,0
1295,2026-09-24T11:48:00,30747,30753.75,30725.5,30743.5,23885,30739.625,44.36389469,0
1296,2026-09-24T11:51:00,30743.75,30792.75,30743.75,30781.5,19205,30768.25,44.71290221,0
1297,2026-09-24T11:54:00,30782,30805.75,30750,30756,17409,30777.875,45.50126634,0
1298,2026-09-24T11:57:00,30756.5,30799,30752.5,30798.5,13206,30775.75,45.57260446,0
1299,2026-09-24T12:00:00,30798,30815.75,30790,30792.5,12810,30802.875,44.15670414,0
1300,2026-09-24T12:03:00,30792,30796.25,30758,30787.75,20730,30777.125,43.7347967,0
1301,2026-09-24T12:06:00,30787.75,30827.5,30784.5,30805.25,26422,30806,43.68231122,0
1302,2026-09-24T12:09:00,30805.5,30815.5,30789.25,30804.25,12194,30802.375,42.43714614,0
1303,2026-09-24T12:12:00,30804.75,30805.5,30761.75,30772,17634,30783.625,42.53092141,0
1304,2026-09-24T12:15:00,30771.5,30796.25,30756.25,30790,10752,30776.25,42.35014131,0
1305,2026-09-24T12:18:00,30790,30793.25,30764.25,30765,9882,30778.75,41.39655979,0
1306,2026-09-24T12:21:00,30764.75,30789,30733,30746.25,15889,30761,42.43966266,0
1307,2026-09-24T12:24:00,30745.75,30761.5,30739,30750.5,11106,30750.25,41.01540104,0
1308,2026-09-24T12:27:00,30750.5,30760.5,30700.25,30707,15387,30730.375,42.38930097,0
1309,2026-09-24T12:30:00,30706.75,30740,30705,30735.5,12056,30722.5,41.86149376,0
1310,2026-09-24T12:33:00,30735,30761.25,30732.5,30747,13443,30746.875,40.92495849,0
1311,2026-09-24T12:36:00,30747.25,30747.5,30714,30716.25,11253,30730.75,40.39460431,0
1312,2026-09-24T12:39:00,30716,30726.75,30697.5,30706,10639,30712.125,39.59856115,0
1313,2026-09-24T12:42:00,30705.75,30723.5,30703.25,30708.25,11686,30713.375,38.21652106,0
1314,2026-09-24T12:45:00,30708.75,30723,30671.5,30673,14840,30697.25,39.16534099,0
1315,2026-09-24T12:48:00,30673,30705.5,30665.25,30704.75,14452,30685.375,39.24281663,0
1316,2026-09-24T12:51:00,30704.5,30708.75,30690.75,30697.5,10071,30699.75,37.72547259,0
1317,2026-09-24T12:54:00,30697.75,30704,30680.25,30680.75,9085,30692.125,36.72722454,0
1318,2026-09-24T12:57:00,30681.25,30703.5,30670.75,30696.75,11504,30687.125,36.44313708,0
1319,2026-09-24T13:00:00,30696.75,30705.75,30681.5,30696.75,8206,30693.625,35.57219871,0
1320,2026-09-24T13:03:00,30697,30698.5,30646.25,30650.5,16008,30672.375,36.76347023,0
1321,2026-09-24T13:06:00,30650.25,30650.25,30622.25,30638.25,18201,30636.25,36.15536522,0
1322,2026-09-24T13:09:00,30637.75,30690.75,30628,30679.25,16905,30659.375,38.05498199,0
1323,2026-09-24T13:12:00,30679,30705.25,30677.5,30693.75,12036,30691.375,37.31891185,0
1324,2026-09-24T13:15:00,30693,30697.75,30677.25,30696,8613,30687.5,36.117561,0
1325,2026-09-24T13:18:00,30695.75,30721.75,30690,30720.75,12734,30705.875,35.80559236,0
1326,2026-09-24T13:21:00,30720.5,30729.75,30693,30697.25,10927,30711.375,35.87305005,0
1327,2026-09-24T13:24:00,30696.75,30722.75,30696.25,30720,7719,30709.5,35.20354647,0
1328,2026-09-24T13:27:00,30719,30753,30714,30743.25,16923,30733.5,35.47472172,0
1329,2026-09-24T13:30:00,30742.75,30749,30735.5,30740.25,8359,30742.25,33.90509874,0
1330,2026-09-24T13:33:00,30740.75,30746.75,30717,30723.5,10344,30731.875,33.60830598,0
1331,2026-09-24T13:36:00,30724.25,30733.25,30703.5,30707,8240,30718.375,33.33271269,0
1332,2026-09-24T13:39:00,30707,30759.5,30704.5,30758.25,17738,30732,34.88037607,0
1333,2026-09-24T13:42:00,30758.5,30783.75,30730.75,30740.25,19842,30757.25,36.17463492,0
1334,2026-09-24T13:45:00,30740.25,30746.25,30724.5,30737.25,7996,30735.375,35.14430386,0
1335,2026-09-24T13:48:00,30736.75,30751.25,30736,30743.5,5982,30743.625,33.72328215,0
1336,2026-09-24T13:51:00,30744,30768.75,30740.75,30761.5,8382,30754.75,33.31447628,0
1337,2026-09-24T13:54:00,30762,30776.25,30750,30767.5,7697,30763.125,32.80987084,0
1338,2026-09-24T13:57:00,30767,30788.25,30763.5,30785.5,6072,30775.875,32.23416578,0
1339,2026-09-24T14:00:00,30785,30792.25,30776.5,30779.5,6817,30784.375,31.05672536,0
1340,2026-09-24T14:03:00,30779.75,30783.75,30739.5,30742,16701,30761.625,31.99910212,0
1341,2026-09-24T14:06:00,30742.25,30743.75,30726.25,30742.75,9259,30735,30.96345197,0
1342,2026-09-24T14:09:00,30743.25,30749.75,30732.5,30738.75,6411,30741.125,29.98391969,0
1343,2026-09-24T14:12:00,30739.25,30744.75,30723.25,30730,7493,30734,29.37792542,0
1344,2026-09-24T14:15:00,30729.75,30743,30725.5,30726.5,5953,30734.25,28.52950218,0
1345,2026-09-24T14:18:00,30727,30759.5,30727,30755.25,8748,30743.25,28.84882345,0
1346,2026-09-24T14:21:00,30755.5,30768.5,30753.75,30755.25,7904,30761.125,27.84176463,0
1347,2026-09-24T14:24:00,30755.25,30764.5,30748.5,30760.25,4784,30756.5,26.9959243,0
1348,2026-09-24T14:27:00,30760.25,30773,30759,30769,5327,30766,26.067644,0
1349,2026-09-24T14:30:00,30768.5,30769.5,30745.25,30750.75,5491,30757.375,25.93781228,0
1350,2026-09-24T14:33:00,30750,30764.75,30746.5,30749.5,6150,30755.625,25.38868283,0
1351,2026-09-24T14:36:00,30749.5,30768.25,30749.5,30757.25,5269,30758.875,24.9144912,0
1352,2026-09-24T14:39:00,30756.75,30764.75,30748.25,30755,4056,30756.5,24.31345612,0
1353,2026-09-24T14:42:00,30754.75,30769.75,30753.75,30762,4598,30761.75,23.71963782,0
1354,2026-09-24T14:45:00,30761.75,30762,30750,30753,3798,30756,22.88252084,0
1355,2026-09-24T14:48:00,30752.75,30762.25,30747,30756.75,4828,30754.625,22.33734078,0
1356,2026-09-24T14:51:00,30757,30775,30745.75,30757.75,8842,30760.375,22.83110215,0
1357,2026-09-24T14:54:00,30757.75,30790.25,30755.25,30782.75,8637,30772.75,23.70030914,0
1358,2026-09-24T14:57:00,30783,30785,30764.75,30771,11370,30774.875,23.45385849,0
1359,2026-09-24T15:00:00,30770.75,30777.25,30757,30758.75,11166,30767.125,23.22501145,0
1360,2026-09-24T15:03:00,30758,30762,30723,30726.75,10208,30742.5,24.35179635,0
1361,2026-09-24T15:06:00,30727,30729.5,30722.75,30726.75,2687,30726.125,23.09452518,0
1362,2026-09-24T15:09:00,30727.5,30733.5,30723.75,30732,2176,30728.625,22.14134481,0
1363,2026-09-24T15:12:00,30732,30734.5,30710.5,30712.75,3992,30722.5,22.27410589,0
1364,2026-09-24T15:15:00,30712.5,30718.5,30695.75,30698.75,3356,30707.125,22.30809833,0
1365,2026-09-24T15:18:00,30698,30712.75,30674.25,30680.75,6083,30693.5,23.46466274,0
1366,2026-09-24T15:21:00,30680.5,30686,30671.5,30676.25,3384,30678.75,22.82432968,0
1367,2026-09-24T15:24:00,30675.25,30679.75,30669.5,30674.75,2205,30674.625,21.92616328,0
1368,2026-09-24T15:27:00,30674.75,30682.25,30665.25,30672,3083,30673.75,21.57429447,0
1369,2026-09-24T15:30:00,30673.25,30675,30661.75,30667.25,1724,30668.375,20.97970201,0
1370,2026-09-24T15:33:00,30666.5,30678.75,30664,30674.25,1995,30671.375,20.53472329,0
1371,2026-09-24T15:36:00,30675.25,30685.25,30674,30678.5,1853,30679.625,19.87152877,0
1372,2026-09-24T15:39:00,30678.75,30687,30678,30683.5,1498,30682.5,19.094991,0
1373,2026-09-24T15:42:00,30683.5,30695,30683,30691.75,1583,30689,18.58820593,0
1374,2026-09-24T15:45:00,30692.25,30708,30688.75,30706,1981,30698.375,18.63547694,0
1375,2026-09-24T15:48:00,30705.75,30718.25,30704.75,30714.25,1983,30711.5,18.26865716,0
1376,2026-09-24T15:51:00,30714.5,30721.75,30713.75,30719,893,30717.75,17.53518164,0
1377,2026-09-24T15:54:00,30719,30723.25,30717.5,30721.25,869,30720.375,16.69338296,0
1378,2026-09-24T15:57:00,30720.75,30733,30720.5,30730.75,1138,30726.75,16.3938556,0
1379,2026-09-24T16:00:00,30730.75,30739.75,30723,30735.5,1213,30731.375,16.41929449,0
1380,2026-09-24T17:03:00,30731,30759.75,30715.75,30751.5,4365,30737.75,18.38934488,1
1381,2026-09-24T17:06:00,30751.25,30757,30720.25,30727.5,2954,30738.625,19.70082025,0
1382,2026-09-24T17:09:00,30726.75,30734.75,30709,30728.75,3160,30721.875,20.13290451,0
1383,2026-09-24T17:12:00,30729.5,30735.5,30729,30731,716,30732.25,19.17698276,0
1384,2026-09-24T17:15:00,30731.5,30733,30725.5,30726,735,30729.25,18.34291257,0
1385,2026-09-24T17:18:00,30726.75,30730.5,30721.75,30725,999,30726.125,17.65770453,0
1386,2026-09-24T17:21:00,30725,30726.25,30715.5,30719.5,1104,30720.875,17.16429706,0
1387,2026-09-24T17:24:00,30718.75,30723,30713.5,30719,1275,30718.25,16.61684727,0
1388,2026-09-24T17:27:00,30718.75,30719.25,30705.5,30708,1454,30712.375,16.41207246,0
1389,2026-09-24T17:30:00,30707.5,30716.75,30705.25,30710.75,1192,30711,16.06121015,0
1390,2026-09-24T17:33:00,30711.25,30725,30708.75,30718.25,2507,30716.875,16.07469514,0
1391,2026-09-24T17:36:00,30717.75,30723.5,30713.75,30722,812,30718.625,15.6229312,0
1392,2026-09-24T17:39:00,30721.75,30724.5,30717.75,30720.25,773,30721.125,14.9891504,0
1393,2026-09-24T17:42:00,30720.5,30731,30715.75,30726.5,1477,30723.375,15.00778251,0
1394,2026-09-24T17:45:00,30726.75,30736.5,30726.25,30731.75,1540,30731.375,14.6679409,0
1395,2026-09-24T17:48:00,30731.75,30734,30722.75,30728,1141,30728.375,14.42380227,0
1396,2026-09-24T17:51:00,30728.25,30734.25,30725,30732.75,1252,30729.625,14.05424496,0
1397,2026-09-24T17:54:00,30733.5,30734.25,30729,30730.5,595,30731.625,13.42537032,0
1398,2026-09-24T17:57:00,30731.75,30733.75,30726.5,30731,751,30730.125,12.98427244,0
1399,2026-09-24T18:00:00,30731.25,30736,30727,30729.5,821,30731.5,12.69968155,0
1400,2026-09-24T18:03:00,30729.25,30735.25,30728.5,30729.75,849,30731.875,12.2747043,0
1401,2026-09-24T18:06:00,30730,30737.25,30727.25,30732.75,765,30732.25,12.11222542,0
1402,2026-09-24T18:09:00,30732,30732.25,30713.75,30721.25,1542,30723,12.60420932,0
1403,2026-09-24T18:12:00,30721.75,30723,30716.5,30720.75,820,30719.75,12.16819437,0
1404,2026-09-24T18:15:00,30719.75,30720.75,30710.25,30717.5,954,30715.5,12.04903763,0
1405,2026-09-24T18:18:00,30717.5,30721.75,30712.75,30718,1153,30717.25,11.83124923,0
1406,2026-09-24T18:21:00,30717.75,30718.75,30711.75,30716,677,30715.25,11.48616,0
1407,2026-09-24T18:24:00,30715.75,30720.5,30713.5,30719,687,30717,11.16572,0
1408,2026-09-24T18:27:00,30718.75,30727.5,30718.75,30726,1219,30723.125,10.99316857,0
1409,2026-09-24T18:30:00,30726.5,30733.75,30724.5,30725.75,1688,30729.125,10.86865653,0
1410,2026-09-24T18:33:00,30726,30729.5,30726,30727,641,30727.75,10.36018106,0
1411,2026-09-24T18:36:00,30727.5,30732.25,30722,30723,803,30727.125,10.35231099,0
1412,2026-09-24T18:39:00,30723.25,30731.5,30723,30726,724,30727.25,10.22000306,0
1413,2026-09-24T18:42:00,30726.75,30727,30723,30724.25,334,30725,9.77571712,0
1414,2026-09-24T18:45:00,30724.5,30725.5,30707.75,30707.75,1639,30716.625,10.34530876,0
1415,2026-09-24T18:48:00,30708.5,30713.75,30701.25,30704.25,2143,30707.5,10.49921528,0
1416,2026-09-24T18:51:00,30704.5,30706.5,30696.5,30700.75,2024,30701.5,10.46355704,0
1417,2026-09-24T18:54:00,30700.25,30700.25,30686,30694.75,2971,30693.125,10.76973154,0
1418,2026-09-24T18:57:00,30695,30695.5,30691.25,30694.25,732,30693.375,10.30403643,0
1419,2026-09-24T19:00:00,30694.75,30696.75,30681.25,30687.75,2250,30689,10.67517668,0
1420,2026-09-24T19:03:00,30687.75,30709.75,30686.25,30699.5,4545,30698,11.59123549,0
1421,2026-09-24T19:06:00,30700,30718,30697.25,30705.25,3860,30707.625,12.24543296,0
1422,2026-09-24T19:09:00,30704.75,30705.25,30684.25,30702,3739,30694.75,12.87075917,0
1423,2026-09-24T19:12:00,30701.5,30704.5,30691.5,30692,2412,30698,12.87999066,0
1424,2026-09-24T19:15:00,30692,30700.75,30686.5,30696.75,1841,30693.625,12.97784847,0
1425,2026-09-24T19:18:00,30697.5,30702,30680,30690.25,3469,30691,13.62228787,0
1426,2026-09-24T19:21:00,30690.75,30709,30687.25,30705.75,2484,30698.125,14.20283873,0
1427,2026-09-24T19:24:00,30705.75,30725.5,30705,30720,2871,30715.25,14.65263597,0
1428,2026-09-24T19:27:00,30719.25,30727.75,30709.75,30722,3275,30718.75,14.8917334,0
1429,2026-09-24T19:30:00,30721.75,30722.75,30711.75,30714.25,1486,30717.25,14.61375244,0
1430,2026-09-24T19:33:00,30714,30716.5,30700.75,30709.75,2904,30708.625,14.69491298,0
1431,2026-09-24T19:36:00,30709.5,30714.75,30701.75,30707.25,1571,30708.25,14.57384777,0
1432,2026-09-24T19:39:00,30707.5,30708.5,30682,30686,3688,30695.25,15.42571578,0
1433,2026-09-24T19:42:00,30685.75,30703,30684.25,30697.25,2662,30693.625,15.66316466,0
1434,2026-09-24T19:45:00,30697.5,30707.25,30692.75,30701,1775,30700,15.58008147,0
1435,2026-09-24T19:48:00,30700.5,30708,30693.5,30696.75,2097,30700.75,15.50293279,0
1436,2026-09-24T19:51:00,30697,30707.5,30695,30695.25,1624,30701.25,15.28843759,0
1437,2026-09-24T19:54:00,30695.25,30698.75,30685.25,30697.75,2135,30692,15.16069205,0
1438,2026-09-24T19:57:00,30697.5,30704,30693.75,30696.75,1411,30698.875,14.80992833,0
1439,2026-09-24T20:00:00,30697.25,30704.75,30690.5,30698.25,1566,30697.625,14.76993345,0
1440,2026-09-24T20:03:00,30698.25,30709.25,30683.5,30704.5,3353,30696.375,15.55422392,0
1441,2026-09-24T20:06:00,30704.5,30711.75,30699.75,30701.25,2490,30705.75,15.30035078,0
1442,2026-09-24T20:09:00,30700.75,30722.75,30695.5,30714.25,3391,30709.125,16.15389715,0
1443,2026-09-24T20:12:00,30714.75,30757,30713.75,30754.25,5689,30735.375,18.08933307,0
1444,2026-09-24T20:15:00,30754.25,30774.25,30740.25,30764.5,6287,30757.25,19.22580928,0
1445,2026-09-24T20:18:00,30763.75,30790.25,30760.75,30778.25,5560,30775.5,19.95968005,0
1446,2026-09-24T20:21:00,30778.25,30780.5,30767.75,30773.75,3039,30774.125,19.4447029,0
1447,2026-09-24T20:24:00,30774.25,30789.25,30774.25,30780.25,2652,30781.75,19.16293841,0
1448,2026-09-24T20:27:00,30780.5,30784.75,30771.75,30779.75,2267,30778.25,18.72272852,0
1449,2026-09-24T20:30:00,30780.25,30788.25,30772.5,30775,1793,30780.375,18.51039077,0
1450,2026-09-24T20:33:00,30775.75,30778,30753.75,30766,4412,30765.875,18.92036286,0
1451,2026-09-24T20:36:00,30765.75,30769,30750.25,30766.75,2606,30759.625,18.90819408,0
1452,2026-09-24T20:39:00,30766.5,30784,30762,30783,3200,30773,19.12903736,0
1453,2026-09-24T20:42:00,30782.5,30800.5,30782,30799,3945,30791.25,19.08410612,0
1454,2026-09-24T20:45:00,30798.75,30809.5,30798,30798,2830,30803.75,18.54238426,0
1455,2026-09-24T20:48:00,30798.25,30801.75,30784,30788.5,2585,30792.875,18.48578538,0
1456,2026-09-24T20:51:00,30788.25,30799.25,30786,30796,2276,30792.625,18.11180071,0
1457,2026-09-24T20:54:00,30795.5,30796,30781.75,30783.25,1692,30788.875,17.8359578,0
1458,2026-09-24T20:57:00,30783.25,30784.75,30771,30774.5,2202,30777.875,17.54410367,0
1459,2026-09-24T21:00:00,30774.25,30791.25,30772.75,30790.75,2181,30782,17.61238198,0
1460,2026-09-24T21:03:00,30791,30796.75,30783,30789.5,2538,30789.875,17.33649756,0
1461,2026-09-24T21:06:00,30789.75,30799,30788,30794.25,1699,30793.5,16.88389059,0
1462,2026-09-24T21:09:00,30795,30810,30793,30802.5,3125,30801.5,16.89218412,0
1463,2026-09-24T21:12:00,30802.25,30810.75,30802,30805.75,1667,30806.375,16.31059954,0
1464,2026-09-24T21:15:00,30805.25,30806.5,30794,30797.5,1894,30800.25,16.03841386,0
1465,2026-09-24T21:18:00,30797,30801.5,30795,30799.5,1124,30798.25,15.35709858,0
1466,2026-09-24T21:21:00,30799.5,30812,30799.5,30809,1886,30805.75,15.15302011,0
1467,2026-09-24T21:24:00,30809,30814.5,30804.75,30807.25,1743,30809.625,14.7670901,0
1468,2026-09-24T21:27:00,30807.25,30810.5,30797.25,30802.25,1999,30803.875,14.65872652,0
1469,2026-09-24T21:30:00,30802.75,30803.75,30784.75,30786.5,2283,30794.25,14.96881749,0
1470,2026-09-24T21:33:00,30786.25,30789.25,30781,30785.75,2078,30785.125,14.48890195,0
1471,2026-09-24T21:36:00,30786,30787.75,30763,30763.75,3682,30775.375,15.22183753,0
1472,2026-09-24T21:39:00,30763.5,30772.75,30760.75,30769.75,2277,30766.75,14.99170627,0
1473,2026-09-24T21:42:00,30770.25,30781,30768.25,30775,2222,30774.625,14.8315844,0
1474,2026-09-24T21:45:00,30774.5,30795,30774.25,30788.25,2653,30784.625,15.25432837,0
1475,2026-09-24T21:48:00,30787.25,30789,30769.75,30772,2492,30779.375,15.53973349,0
1476,2026-09-24T21:51:00,30772.25,30775.25,30764.5,30769.5,1588,30769.875,15.19760967,0
1477,2026-09-24T21:54:00,30769.75,30776.5,30767.75,30774.75,1344,30772.125,14.73706612,0
1478,2026-09-24T21:57:00,30774.5,30788,30774.5,30781.75,2053,30781.25,14.64870425,0
1479,2026-09-24T22:00:00,30781.5,30792,30778.5,30791.5,1276,30785.25,14.56665395,0
1480,2026-09-24T22:03:00,30791,30793,30780,30786.5,1988,30786.5,14.4547501,0
1481,2026-09-24T22:06:00,30786.5,30793.5,30781.25,30791,1103,30787.375,14.29726795,0
1482,2026-09-24T22:09:00,30791.5,30811,30791.25,30809,3073,30801.125,14.70460595,0
1483,2026-09-24T22:12:00,30809.5,30811.5,30799,30802.5,1755,30805.25,14.5471341,0
1484,2026-09-24T22:15:00,30802.25,30804.25,30795.25,30802.5,1414,30799.75,14.15091023,0
1485,2026-09-24T22:18:00,30802.5,30809.25,30789.75,30793.5,2613,30799.5,14.53298807,0
1486,2026-09-24T22:21:00,30793.25,30806,30788,30805.5,1864,30797,14.78063178,0
1487,2026-09-24T22:24:00,30804.5,30808,30798.5,30799.25,1217,30803.25,14.4034438,0
1488,2026-09-24T22:27:00,30799.75,30803.5,30792.75,30796.75,1173,30798.125,14.14248353,0
1489,2026-09-24T22:30:00,30797,30799.25,30792.25,30794.25,887,30795.75,13.63230613,0
1490,2026-09-24T22:33:00,30794.25,30798,30790,30795.25,1487,30794,13.22999855,0
1491,2026-09-24T22:36:00,30795.25,30803.75,30794.25,30797.75,1230,30799,12.96357008,0
1492,2026-09-24T22:39:00,30798.25,30807.75,30792.5,30802.5,1472,30800.125,13.12688651,0
1493,2026-09-24T22:42:00,30803,30814.25,30802,30808.25,1849,30808.125,13.06425175,0
1494,2026-09-24T22:45:00,30807.25,30810.5,30784.25,30784.5,2336,30797.375,14.00609092,0
1495,2026-09-24T22:48:00,30785,30789.25,30774.5,30780.75,2830,30781.875,14.05922728,0
1496,2026-09-24T22:51:00,30780,30791,30777.25,30784.5,1635,30784.125,14.03713962,0
1497,2026-09-24T22:54:00,30784.25,30793.25,30783.5,30790,1335,30788.375,13.73091536,0
1498,2026-09-24T22:57:00,30790.75,30791.75,30780.5,30786.75,1153,30786.125,13.55370712,0
1499,2026-09-24T23:00:00,30787,30794.75,30786,30791.75,940,30790.375,13.21058518,0
1500,2026-09-24T23:03:00,30791.75,30794,30779.75,30783.5,1558,30786.875,13.2848291,0
1501,2026-09-24T23:06:00,30783.75,30785.5,30772.25,30777,1746,30778.875,13.2823413,0
1502,2026-09-24T23:09:00,30777.25,30778.25,30767.25,30775.5,1292,30772.75,13.11931692,0
1503,2026-09-24T23:12:00,30775.75,30779.5,30771.75,30774.5,900,30775.625,12.73579429,0
1504,2026-09-24T23:15:00,30774.5,30781.5,30773,30774.5,1177,30777.25,12.43323755,0
1505,2026-09-24T23:18:00,30774.5,30781.75,30771.75,30778.5,1098,30776.75,12.25943487,0
1506,2026-09-24T23:21:00,30778.75,30780.25,30767.75,30769,1507,30774,12.27661809,0
1507,2026-09-24T23:24:00,30769.5,30774,30766.5,30771.75,902,30770.25,11.93543109,0
1508,2026-09-24T23:27:00,30771.25,30781.75,30770.5,30771,1454,30776.125,11.88647172,0
1509,2026-09-24T23:30:00,30771,30780.5,30769.5,30774.75,963,30775,11.82315231,0
1510,2026-09-24T23:33:00,30774.25,30780.75,30769.75,30772.25,984,30775.25,11.76435572,0
1511,2026-09-24T23:36:00,30772,30785.25,30770.5,30782.75,1186,30777.875,11.97761603,0
1512,2026-09-24T23:39:00,30783,30790.5,30778.75,30788.25,1255,30784.625,11.96135774,0
1513,2026-09-24T23:42:00,30788.25,30792.25,30784.75,30786,962,30788.5,11.64268933,0
1514,2026-09-24T23:45:00,30785.25,30792,30781.75,30783,1096,30786.875,11.54321152,0
1515,2026-09-24T23:48:00,30783.5,30791.5,30782.25,30787.25,883,30786.875,11.3794107,0
1516,2026-09-24T23:51:00,30787,30789.75,30779.75,30783.75,890,30784.75,11.28088136,0
1517,2026-09-24T23:54:00,30784.25,30792,30777.25,30780,1171,30784.625,11.52867555,0
1518,2026-09-24T23:57:00,30780.25,30785,30777.5,30779,506,30781.25,11.24091301,0
1519,2026-09-25T00:00:00,30778.25,30781.25,30767.25,30778,1680,30774.25,11.43799065,0
1520,2026-09-25T00:03:00,30778,30785.25,30775.75,30781.25,1045,30780.5,11.29956275,0
1521,2026-09-25T00:06:00,30782,30798.75,30780.25,30794.75,1999,30789.5,11.8138797,0
1522,2026-09-25T00:09:00,30795.25,30802.75,30787.75,30801,1890,30795.25,12.04145972,0
1523,2026-09-25T00:12:00,30801,30812.75,30800.5,30809.5,2072,30806.625,12.05635545,0
1524,2026-09-25T00:15:00,30809.75,30813.75,30798.75,30801.5,1529,30806.25,12.26661578,0
1525,2026-09-25T00:18:00,30802,30813,30801.75,30803.25,1452,30807.375,12.21185751,0
1526,2026-09-25T00:21:00,30804.25,30807.75,30800.5,30801.25,1068,30804.125,11.85743911,0
1527,2026-09-25T00:24:00,30801.25,30807.25,30800,30800.5,804,30803.625,11.52833632,0
1528,2026-09-25T00:27:00,30801,30805.75,30789,30805.5,2035,30797.375,11.9013123,0
1529,2026-09-25T00:30:00,30804.75,30809.25,30802.5,30805.5,998,30805.875,11.53336142,0
1530,2026-09-25T00:33:00,30805,30836,30801.75,30828,5831,30818.875,13.15597846,0
1531,2026-09-25T00:36:00,30828,30849.25,30824.75,30844.25,4402,30837,13.96626571,0
1532,2026-09-25T00:39:00,30844,30852.75,30841.25,30844.5,1922,30847,13.79010388,0
1533,2026-09-25T00:42:00,30844.75,30854.25,30844.5,30850.75,1323,30849.375,13.50152503,0
1534,2026-09-25T00:45:00,30851,30866.5,30845,30865.75,2442,30855.75,14.07284467,0
1535,2026-09-25T00:48:00,30866,30869,30857.75,30863.25,2269,30863.375,13.87121291,0
1536,2026-09-25T00:51:00,30863,30864.5,30851.5,30856.5,1995,30858,13.80898341,0
1537,2026-09-25T00:54:00,30856,30865,30855.25,30863.5,1080,30860.125,13.51905603,0
1538,2026-09-25T00:57:00,30863.5,30865,30847,30848,1465,30856,13.83912345,0
1539,2026-09-25T01:00:00,30847.5,30855,30846.25,30850.5,1441,30850.625,13.47561464,0
1540,2026-09-25T01:03:00,30850.25,30867.5,30849,30863.75,2302,30858.25,13.8344993,0
1541,2026-09-25T01:06:00,30863.25,30868,30857.75,30863.25,1485,30862.875,13.57846364,0
1542,2026-09-25T01:09:00,30863,30873.75,30861.75,30868,2300,30867.75,13.46571624,0
1543,2026-09-25T01:12:00,30868.5,30885.75,30866.5,30884.25,3251,30876.125,13.87887936,0
1544,2026-09-25T01:15:00,30884,30890.75,30882.75,30887.25,1876,30886.75,13.45895941,0
1545,2026-09-25T01:18:00,30887,30900.75,30880.75,30898.25,3184,30890.75,13.92617659,0
1546,2026-09-25T01:21:00,30897.5,30905,30886.75,30900.25,2647,30895.875,14.23502112,0
1547,2026-09-25T01:24:00,30900.75,30905.25,30891.25,30893.5,1956,30898.25,14.2182339,0
1548,2026-09-25T01:27:00,30893.25,30902.25,30888.25,30889.5,2153,30895.25,14.20264576,0
1549,2026-09-25T01:30:00,30889.25,30893,30872.5,30879.75,2716,30882.75,14.65245678,0
1550,2026-09-25T01:33:00,30880.5,30887.75,30879.25,30883.25,1548,30883.5,14.21299558,0
1551,2026-09-25T01:36:00,30882.75,30892.25,30875,30890,1857,30883.625,14.42992447,0
1552,2026-09-25T01:39:00,30888.75,30890.25,30878,30883.75,1267,30884.125,14.27421558,0
1553,2026-09-25T01:42:00,30883.25,30888,30879.75,30884.75,857,30883.875,13.84391447,0
1554,2026-09-25T01:45:00,30885,30888.5,30875,30881.25,1429,30881.75,13.81934915,0
1555,2026-09-25T01:48:00,30880.25,30886.25,30865.5,30866.75,1568,30875.875,14.31439564,0
1556,2026-09-25T01:51:00,30867.25,30878.75,30864.25,30871.25,1620,30871.5,14.32765309,0
1557,2026-09-25T01:54:00,30871.5,30873.75,30863.75,30868.5,1291,30868.75,14.01853501,0
1558,2026-09-25T01:57:00,30868.5,30883,30866.5,30879.5,1731,30874.75,14.19578251,0
1559,2026-09-25T02:00:00,30879.25,30879.25,30864.5,30866.5,1150,30871.875,14.25322662,0
1560,2026-09-25T02:03:00,30866.25,30884.75,30865.75,30882.5,2677,30875.25,14.59228186,0
1561,2026-09-25T02:06:00,30881.5,30888.5,30866.5,30880.75,2286,30877.5,15.12140458,0
1562,2026-09-25T02:09:00,30880.25,30888.5,30873.25,30879.25,1330,30880.875,15.13058997,0
1563,2026-09-25T02:12:00,30878.5,30883.25,30871.5,30880.75,1529,30877.375,14.88911926,0
1564,2026-09-25T02:15:00,30880.5,30897.75,30877,30894.5,2209,30887.375,15.3077536,0
1565,2026-09-25T02:18:00,30894.75,30903,30889.25,30894.25,2446,30896.125,15.19648548,0
1566,2026-09-25T02:21:00,30894,30894.25,30875.5,30883,2644,30884.875,15.45030795,0
1567,2026-09-25T02:24:00,30882.25,30891.25,30878.5,30881.5,1544,30884.875,15.25742881,0
1568,2026-09-25T02:27:00,30881.75,30885.75,30876.5,30876.5,868,30881.125,14.82832675,0
1569,2026-09-25T02:30:00,30877.5,30902.5,30870.25,30901.5,2548,30886.375,16.07273198,0
1570,2026-09-25T02:33:00,30901.25,30905,30875.5,30876.25,2892,30890.25,17.03182256,0
1571,2026-09-25T02:36:00,30876.5,30879.75,30861.75,30867.25,3012,30870.75,17.10097809,0
1572,2026-09-25T02:39:00,30866.25,30873.75,30862.5,30865,1851,30868.125,16.68305108,0
1573,2026-09-25T02:42:00,30864.25,30865.5,30855.5,30863,1886,30860.5,16.20569029,0
1574,2026-09-25T02:45:00,30863,30870,30859.5,30860.75,1471,30864.75,15.79814098,0
1575,2026-09-25T02:48:00,30861.75,30880.75,30860.75,30874.25,2258,30870.75,16.09827377,0
1576,2026-09-25T02:51:00,30874.5,30875,30858.75,30864.5,1763,30866.875,16.10911136,0
1577,2026-09-25T02:54:00,30864.75,30872.5,30862,30872.25,1112,30867.25,15.70846055,0
1578,2026-09-25T02:57:00,30871.5,30875.5,30862,30874.25,1398,30868.75,15.55071337,0
1579,2026-09-25T03:00:00,30873.75,30879,30867,30867.5,926,30873,15.29709098,0
1580,2026-09-25T03:03:00,30867.75,30877.25,30862.25,30869.5,2666,30869.75,15.2758702,0
1581,2026-09-25T03:06:00,30870,30870.75,30843.75,30852.75,4328,30857.25,16.11330804,0
1582,2026-09-25T03:09:00,30853,30861.5,30837.5,30859.5,3188,30849.5,16.67664318,0
1583,2026-09-25T03:12:00,30859.75,30871.25,30855.75,30869,1868,30863.5,16.59259724,0
1584,2026-09-25T03:15:00,30868.5,30890.75,30867.25,30879,3215,30879,17.08598315,0
1585,2026-09-25T03:18:00,30878.25,30897.75,30878.25,30884.5,2155,30888,17.25841293,0
1586,2026-09-25T03:21:00,30884.75,30890.25,30879,30886.75,1226,30884.625,16.82924057,0
1587,2026-09-25T03:24:00,30887,30903.75,30885.5,30894,1948,30894.625,16.93072339,0
1588,2026-09-25T03:27:00,30893.5,30909.75,30890.75,30903.25,2040,30900.25,17.07852886,0
1589,2026-09-25T03:30:00,30902.75,30927.25,30901.25,30923,3366,30914.25,17.7157768,0
1590,2026-09-25T03:33:00,30922.75,30927.5,30915,30918,1746,30921.25,17.34322131,0
1591,2026-09-25T03:36:00,30918.25,30934,30917,30930.5,2059,30925.5,17.31870551,0
1592,2026-09-25T03:39:00,30931.25,30931.75,30920.25,30925,1249,30926,16.90308368,0
1593,2026-09-25T03:42:00,30925,30928.25,30911.25,30926.25,2029,30919.75,16.91000628,0
1594,2026-09-25T03:45:00,30926.5,30935.5,30923,30934.25,1283,30929.25,16.59500583,0
1595,2026-09-25T03:48:00,30933.75,30944.75,30933.25,30937.25,2007,30939,16.23107684,0
1596,2026-09-25T03:51:00,30937,30943,30931.25,30933.5,1116,30937.125,15.91099992,0
1597,2026-09-25T03:54:00,30933,30940.25,30930.75,30936,1151,30935.5,15.45307136,0
1598,2026-09-25T03:57:00,30936,30952.5,30935,30951.5,1978,30943.75,15.59928055,0
1599,2026-09-25T04:00:00,30951.75,30954.75,30945.5,30946.25,1250,30950.125,15.14576051,0
1600,2026-09-25T04:03:00,30946.25,30952.25,30941.5,30948.75,1456,30946.875,14.83177761,0
1601,2026-09-25T04:06:00,30948.5,30955.75,30946.25,30953.5,1186,30951,14.45093636,0
1602,2026-09-25T04:09:00,30952.75,30960,30950.5,30959,1273,30955.25,14.09729805,0
1603,2026-09-25T04:12:00,30959.75,30960.5,30952,30953.75,1058,30956.25,13.69749104,0
1604,2026-09-25T04:15:00,30954,30959,30950.5,30953.5,982,30954.75,13.32624168,0
1605,2026-09-25T04:18:00,30953.5,30963,30950,30953.5,1723,30956.5,13.3029387,0
1606,2026-09-25T04:21:00,30954.25,30956.5,30942.25,30944.5,1663,30949.375,13.37058594,0
1607,2026-09-25T04:24:00,30944,30951.5,30939.5,30943.75,1757,30945.5,13.27268694,0
1608,2026-09-25T04:27:00,30943,30950,30939.5,30944.25,874,30944.75,13.07463788,0
1609,2026-09-25T04:30:00,30944.75,30945,30937.25,30939,976,30941.125,12.6943066,0
1610,2026-09-25T04:33:00,30939.25,30952,30930,30944.75,2620,30941,13.35899899,0
1611,2026-09-25T04:36:00,30945,30949,30939.25,30942.75,920,30944.125,13.10121334,0
1612,2026-09-25T04:39:00,30944,30946.5,30935.75,30937,918,30941.125,12.93326953,0
1613,2026-09-25T04:42:00,30936.25,30943,30934.5,30940,903,30938.75,12.61660742,0
1614,2026-09-25T04:45:00,30940,30944.25,30932.25,30936.75,970,30938.25,12.57256404,0
1615,2026-09-25T04:48:00,30937.25,30937.5,30915.5,30917.75,2493,30926.5,13.24595232,0
1616,2026-09-25T04:51:00,30918.75,30923,30911.75,30915,1501,30917.375,13.1033843,0
1617,2026-09-25T04:54:00,30914,30923.5,30912.75,30921.75,1115,30918.125,12.93528542,0
1618,2026-09-25T04:57:00,30921.5,30929.75,30917.25,30926.75,1171,30923.5,12.9041936,0
1619,2026-09-25T05:00:00,30926.75,30928,30916.25,30916.25,1016,30922.125,12.8217512,0
1620,2026-09-25T05:03:00,30916.5,30926,30909.25,30909.75,1562,30917.625,13.1023404,0
1621,2026-09-25T05:06:00,30909.75,30911.25,30902.75,30908.5,1531,30907,12.7736018,0
1622,2026-09-25T05:09:00,30908.75,30912,30900,30911,1693,30906,12.71834453,0
1623,2026-09-25T05:12:00,30910.25,30921.25,30908.75,30919.5,1334,30915,12.70274849,0
1624,2026-09-25T05:15:00,30919.25,30933.25,30918.5,30927.75,1472,30925.875,12.84898074,0
1625,2026-09-25T05:18:00,30927.25,30939.25,30926.5,30932.25,1687,30932.875,12.84191069,0
1626,2026-09-25T05:21:00,30932.75,30941,30930.5,30940.5,926,30935.75,12.67463136,0
1627,2026-09-25T05:24:00,30940.75,30942.5,30926.75,30931,1982,30934.625,12.89430054,0
1628,2026-09-25T05:27:00,30931.75,30935.25,30928,30933.75,720,30931.625,12.49113622,0
1629,2026-09-25T05:30:00,30933.75,30934.5,30927,30928.5,621,30930.75,12.13462649,0
1630,2026-09-25T05:33:00,30928.5,30938.75,30920.5,30922,1614,30929.625,12.57143888,0
1631,2026-09-25T05:36:00,30922.5,30933.75,30917.5,30926.5,1525,30925.625,12.83419325,0
1632,2026-09-25T05:39:00,30926.5,30932.5,30915.25,30915.75,1272,30923.875,13.14960802,0
1633,2026-09-25T05:42:00,30916,30924,30911.25,30922,1831,30917.625,13.12106459,0
1634,2026-09-25T05:45:00,30921.25,30923.75,30918.25,30921,666,30921,12.57670283,0
1635,2026-09-25T05:48:00,30921,30925.5,30916.5,30924.75,993,30921,12.32122406,0
1636,2026-09-25T05:51:00,30924.5,30927.75,30911.5,30923.25,1990,30919.625,12.60185091,0
1637,2026-09-25T05:54:00,30923.5,30928.5,30914.75,30923.5,860,30921.625,12.68386156,0
1638,2026-09-25T05:57:00,30924.5,30932.75,30915,30919.25,1610,30923.875,13.04572859,0
1639,2026-09-25T06:00:00,30920,30925,30914.25,30922.5,984,30919.625,12.88174798,0
1640,2026-09-25T06:03:00,30922.75,30937.5,30913.25,30928.25,3910,30925.375,13.69376598,0
1641,2026-09-25T06:06:00,30929.5,30932,30919.5,30928.75,1406,30925.75,13.60849698,0
1642,2026-09-25T06:09:00,30928.25,30956.25,30927.25,30955,3052,30941.75,14.70789005,0
1643,2026-09-25T06:12:00,30954.5,30966.5,30950.75,30960.5,2907,30958.625,14.78232648,0
1644,2026-09-25T06:15:00,30960,30974.75,30956,30974.75,2698,30965.375,15.06573173,0
1645,2026-09-25T06:18:00,30975,30994.75,30972.75,30981.5,5000,30983.75,15.56103661,0
1646,2026-09-25T06:21:00,30981.75,30984.25,30974,30980,2106,30979.125,15.18167685,0
1647,2026-09-25T06:24:00,30980.5,30984.75,30974.25,30978.25,1341,30979.5,14.84727136,0
1648,2026-09-25T06:27:00,30978,30987.25,30976,30985,1233,30981.625,14.59032341,0
1649,2026-09-25T06:30:00,30984.75,30990.75,30973.75,30977,1834,30982.25,14.76244316,0
1650,2026-09-25T06:33:00,30977,30980.75,30969.5,30977.25,2136,30975.125,14.51155436,0
1651,2026-09-25T06:36:00,30977,30998.5,30973.25,30990.75,3166,30985.875,15.2785862,0
1652,2026-09-25T06:39:00,30990.5,30990.5,30963.75,30964.5,2543,30977.125,16.11583004,0
1653,2026-09-25T06:42:00,30964.75,30966.5,30959.25,30965.5,1584,30962.875,15.48255646,0
1654,2026-09-25T06:45:00,30965.75,30976.25,30964.5,30970.75,1862,30970.375,15.21594529,0
1655,2026-09-25T06:48:00,30970.75,30974,30967.75,30970.5,1148,30970.875,14.57552063,0
1656,2026-09-25T06:51:00,30970,30974,30962.25,30969.75,1318,30968.125,14.37369772,0
1657,2026-09-25T06:54:00,30970,30982,30967.5,30978.75,2061,30974.75,14.38271931,0
1658,2026-09-25T06:57:00,30979,30981.75,30967.5,30968.5,1587,30974.625,14.37323936,0
1659,2026-09-25T07:00:00,30968,30972.25,30959.75,30961.25,1620,30966,14.23943655,0
1660,2026-09-25T07:03:00,30960.75,30978.5,30955.5,30969.25,4618,30967,14.86519108,0
1661,2026-09-25T07:06:00,30968.75,30977.25,30967.25,30970.25,1196,30972.25,14.51767743,0
1662,2026-09-25T07:09:00,30970,30977.75,30962.25,30967.75,1330,30970,14.58784333,0
1663,2026-09-25T07:12:00,30967.5,30971,30945.5,30965.75,3484,30958.25,15.36728309,0
1664,2026-09-25T07:15:00,30965.75,30968.5,30943.5,30952.75,2943,30956,16.0553343,0
1665,2026-09-25T07:18:00,30953,30953,30928.25,30930.5,3305,30940.625,16.67638185,0
1666,2026-09-25T07:21:00,30931,30936.25,30916.5,30925.5,3470,30926.375,16.89592601,0
1667,2026-09-25T07:24:00,30925.5,30945,30925.25,30938.25,3517,30935.125,17.09978843,0
1668,2026-09-25T07:27:00,30938.75,30943.25,30928,30932.75,1919,30935.625,16.96766069,0
1669,2026-09-25T07:30:00,30933.25,30942,30930.75,30932.5,1607,30936.375,16.55925635,0
1670,2026-09-25T07:33:00,30931.5,30936.5,30905,30911.5,5879,30920.75,17.62645233,0
1671,2026-09-25T07:36:00,30910.75,30922.25,30908.5,30916,3616,30915.375,17.34956288,0
1672,2026-09-25T07:39:00,30915.5,30918.5,30903.25,30909.25,2814,30910.875,17.1995941,0
1673,2026-09-25T07:42:00,30909.25,30914,30902.75,30903.75,2442,30908.375,16.77462309,0
1674,2026-09-25T07:45:00,30903.5,30906.5,30877.75,30897,9217,30892.125,17.63000716,0
1675,2026-09-25T07:48:00,30896.5,30921.5,30878.25,30913,14780,30899.875,19.46000665,0
1676,2026-09-25T07:51:00,30913.25,30918.5,30883,30885.75,5888,30900.75,20.60572046,0
1677,2026-09-25T07:54:00,30886,30887.75,30871,30879.75,5014,30879.375,20.33031185,0
1678,2026-09-25T07:57:00,30879.75,30883.75,30871.25,30883.5,2682,30877.5,19.77100386,0
1679,2026-09-25T08:00:00,30883.75,30887.25,30872,30877.75,2923,30879.625,19.44807502,0
1680,2026-09-25T08:03:00,30877.75,30881.5,30853.75,30870.75,8951,30867.625,20.04106966,0
1681,2026-09-25T08:06:00,30870.75,30893.75,30870.75,30889.25,6488,30882.25,20.25242182,0
1682,2026-09-25T08:09:00,30889,30898,30887.25,30888,4407,30892.625,19.57367741,0
1683,2026-09-25T08:12:00,30887.5,30905.75,30887.5,30902.25,5100,30896.625,19.47912902,0
1684,2026-09-25T08:15:00,30901.75,30909,30896.25,30899.25,3781,30902.625,18.99847695,0
1685,2026-09-25T08:18:00,30898.75,30900,30871.75,30872.25,7167,30885.875,19.65930002,0
1686,2026-09-25T08:21:00,30872.5,30874,30858.75,30864,5175,30866.375,19.34435002,0
1687,2026-09-25T08:24:00,30864.25,30869.5,30859,30860.75,3491,30864.25,18.71261074,0
1688,2026-09-25T08:27:00,30860.75,30864.25,30839,30843.5,7168,30851.625,19.17956711,0
1689,2026-09-25T08:30:00,30843.5,30844.5,30819.25,30819.25,8411,30831.875,19.61316946,0
1690,2026-09-25T08:33:00,30819.5,30822,30767.25,30803.75,45915,30794.625,22.12294307,0
1691,2026-09-25T08:36:00,30803.25,30868,30791.5,30858.25,33797,30829.75,26.00701857,0
1692,2026-09-25T08:39:00,30858.25,30877,30844,30867.5,24572,30860.5,26.50651724,0
1693,2026-09-25T08:42:00,30868.5,30890.25,30838.5,30883.75,26964,30864.375,28.30962315,0
1694,2026-09-25T08:45:00,30883.75,30884.5,30850.75,30876.25,22246,30867.625,28.6982215,0
1695,2026-09-25T08:48:00,30876.75,30889,30849.75,30882,26154,30869.375,29.45191996,0
1696,2026-09-25T08:51:00,30882.25,30887.25,30847.75,30878,18683,30867.5,30.16963996,0
1697,2026-09-25T08:54:00,30878.5,30906,30870.5,30903.25,19508,30888.25,30.55037997,0
1698,2026-09-25T08:57:00,30903.25,30926.25,30900,30909.5,22980,30913.125,30.24320997,0
1699,2026-09-25T09:00:00,30908.75,30909.5,30876.75,30900,17077,30893.125,30.4222664,0
1700,2026-09-25T09:03:00,30899.5,30906,30819.25,30840.5,35291,30862.625,34.44567594,0
1701,2026-09-25T09:06:00,30840,30841.25,30755,30757,39385,30798.125,38.1459848,0
1702,2026-09-25T09:09:00,30757,30809,30752.25,30808.25,35436,30780.625,39.47484303,0
1703,2026-09-25T09:12:00,30808.25,30823.75,30783.5,30811.5,27953,30803.625,39.53021139,0
1704,2026-09-25T09:15:00,30811.25,30812.75,30735,30741.25,28568,30773.875,42.26019629,0
1705,2026-09-25T09:18:00,30741.25,30753,30686,30701,48394,30719.5,44.02732512,0
1706,2026-09-25T09:21:00,30700.75,30742.25,30684,30740,35087,30713.125,45.04323047,0
1707,2026-09-25T09:24:00,30739.25,30756.25,30717.75,30740.5,28501,30737,44.57585687,0
1708,2026-09-25T09:27:00,30740.75,30779.25,30738,30762.75,26580,30758.625,44.33829566,0
1709,2026-09-25T09:30:00,30762.75,30766.5,30726,30731.25,27194,30746.25,44.06413169,0
1710,2026-09-25T09:33:00,30731,30763.5,30718.5,30756.75,27948,30741,44.13097942,0
1711,2026-09-25T09:36:00,30757.5,30786,30754,30778,23052,30770,43.26448089,0
1712,2026-09-25T09:39:00,30777.75,30803.75,30765.5,30785,17900,30784.625,42.90630369,0
1713,2026-09-25T09:42:00,30784.75,30796.5,30749.5,30751.25,19701,30773,43.19871057,0
1714,2026-09-25T09:45:00,30751.25,30767.25,30738.25,30765.5,19782,30752.75,42.18451695,0
1715,2026-09-25T09:48:00,30765.75,30788.25,30743,30772.25,26490,30765.625,42.40348003,0
1716,2026-09-25T09:51:00,30772.25,30798.75,30758.25,30786.75,16849,30778.5,42.26751717,0
1717,2026-09-25T09:54:00,30787.5,30793.5,30751.25,30770.75,17605,30772.375,42.26626594,0
1718,2026-09-25T09:57:00,30770.75,30818.25,30769.75,30802.5,17258,30794,42.71153266,0
1719,2026-09-25T10:00:00,30803,30829.5,30802.5,30823.5,13485,30816,41.58928033,0
1720,2026-09-25T10:03:00,30823.5,30851.75,30813.75,30844.75,19159,30832.75,41.33290316,0
1721,2026-09-25T10:06:00,30844.75,30870.25,30844.75,30861.75,16578,30857.5,40.20198151,0
1722,2026-09-25T10:09:00,30861.75,30871.25,30852.25,30859,10859,30861.75,38.68755426,0
1723,2026-09-25T10:12:00,30858.75,30862.5,30806.25,30814.25,19076,30834.375,39.94201467,0
1724,2026-09-25T10:15:00,30813.75,30827.5,30808,30821,13229,30817.75,38.48187076,0
1725,2026-09-25T10:18:00,30821,30838.25,30816.25,30827.75,12796,30827.25,37.30459428,0
1726,2026-09-25T10:21:00,30827.75,30834.75,30800,30824,16376,30817.375,37.12212326,0
1727,2026-09-25T10:24:00,30823.75,30844.5,30814.5,30823.75,15172,30829.5,36.61340017,0
1728,2026-09-25T10:27:00,30823.5,30826.5,30803.25,30823.25,10591,30814.875,35.65887159,0
1729,2026-09-25T10:30:00,30823,30828,30807.5,30813.75,7275,30817.75,34.57609504,0
1730,2026-09-25T10:33:00,30813.25,30862.25,30811.5,30854.25,24491,30836.875,35.73137397,0
1731,2026-09-25T10:36:00,30854.25,30857,30795.25,30809,18416,30826.125,37.58984726,0
1732,2026-09-25T10:39:00,30809,30809,30766.5,30771.25,16850,30787.75,37.94057245,0
1733,2026-09-25T10:42:00,30770.75,30788.5,30763,30783.5,13163,30775.75,37.05196014,0
1734,2026-09-25T10:45:00,30783.25,30791,30749.5,30752,12143,30770.25,37.36967727,0
1735,2026-09-25T10:48:00,30751.75,30772.25,30735.25,30765.75,14105,30753.75,37.34327175,0
1736,2026-09-25T10:51:00,30766.25,30786.25,30757.25,30773.75,9958,30771.75,36.74732377,0
1737,2026-09-25T10:54:00,30773.5,30774.75,30731,30745,12920,30752.875,37.24751493,0
1738,2026-09-25T10:57:00,30745,30801.75,30740.5,30801.75,24502,30771.125,38.96197815,0
1739,2026-09-25T11:00:00,30801.75,30860,30799.75,30857,19723,30829.875,40.48255114,0
1740,2026-09-25T11:03:00,30856.5,30904,30846.25,30901,27518,30875.125,41.71594034,0
1741,2026-09-25T11:06:00,30901,30940,30892.5,30935.25,26167,30916.25,42.12908746,0
1742,2026-09-25T11:09:00,30935,30938,30914.25,30922,18562,30926.125,40.8162955,0
1743,2026-09-25T11:12:00,30922.5,30950.5,30910.75,30936.25,17594,30930.625,40.74013153,0
1744,2026-09-25T11:15:00,30936,30946.25,30908.5,30926.75,12224,30927.375,40.52655071,0
1745,2026-09-25T11:18:00,30927.25,30952.5,30917.75,30919.75,14477,30935.125,40.11393994,0
1746,2026-09-25T11:21:00,30920,30921,30875,30877.75,18142,30898,40.53437281,0
1747,2026-09-25T11:24:00,30877.75,30884,30838.25,30859.5,21124,30861.125,40.90691761,0
1748,2026-09-25T11:27:00,30859.75,30915.5,30855,30915,17133,30885.25,42.30642349,0
1749,2026-09-25T11:30:00,30915,30927.25,30904.75,30925,12027,30916,40.89167896,0
1750,2026-09-25T11:33:00,30925.25,30931.75,30906.25,30920,11928,30919,39.79227332,0
1751,2026-09-25T11:36:00,30919.75,30932.5,30861.75,30893.25,31127,30897.125,42.00353951,0
1752,2026-09-25T11:39:00,30893.25,30917,30876.5,30901.5,15189,30896.75,41.89614383,0
1753,2026-09-25T11:42:00,30901.75,30907.75,30886.25,30894.25,9923,30897,40.43927641,0
1754,2026-09-25T11:45:00,30894.25,30921.75,30890,30905,13477,30905.875,39.81861381,0
1755,2026-09-25T11:48:00,30904.75,30907.5,30891.25,30893.25,7827,30899.375,38.1351414,0
1756,2026-09-25T11:51:00,30893,30895,30864,30883,11056,30879.5,37.62548844,0
1757,2026-09-25T11:54:00,30883.5,30898.75,30877.5,30887.5,5874,30888.125,36.45581069,0
1758,2026-09-25T11:57:00,30887,30903.75,30882.25,30893,6502,30893,35.3875385,0
1759,2026-09-25T12:00:00,30892.5,30893.25,30860.75,30877.75,11294,30877,35.18128575,0
1760,2026-09-25T12:03:00,30878.25,30917.5,30872.75,30911.75,12808,30895.125,35.86476534,0
1761,2026-09-25T12:06:00,30912,30920.25,30904.5,30909.5,6021,30912.375,34.42799639,0
1762,2026-09-25T12:09:00,30909.25,30914.5,30889.75,30902.75,7308,30902.125,33.73671093,0
1763,2026-09-25T12:12:00,30903,30917,30895.5,30898,6259,30906.25,32.86266015,0
1764,2026-09-25T12:15:00,30898.5,30922.75,30891.75,30922.75,6023,30907.25,32.729613,0
1765,2026-09-25T12:18:00,30922.25,30927.5,30914.25,30914.75,7007,30920.875,31.33821207,0
1766,2026-09-25T12:21:00,30914.75,30919.25,30906,30916.5,5330,30912.625,30.04619692,0
1767,2026-09-25T12:24:00,30917.5,30923.5,30910.5,30921.75,4279,30917,28.82861143,0
1768,2026-09-25T12:27:00,30922,30925,30913.5,30915.75,3662,30919.25,27.59085347,0
1769,2026-09-25T12:30:00,30914.75,30920,30910.75,30918.5,3094,30915.375,26.28079251,0
1770,2026-09-25T12:33:00,30918.5,30923.25,30901.75,30908.25,6432,30912.5,25.93930733,0
1771,2026-09-25T12:36:00,30908,30915,30888.75,30899.25,7495,30901.875,25.96149966,0
1772,2026-09-25T12:39:00,30899.5,30904.5,30886,30895.25,6206,30895.25,25.4285354,0
1773,2026-09-25T12:42:00,30895.25,30921,30893.75,30916.25,11543,30907.375,25.55864001,0
1774,2026-09-25T12:45:00,30915.75,30923,30902.25,30905.75,5741,30912.625,25.21516573,0
1775,2026-09-25T12:48:00,30905.75,30908.75,30899.25,30902,3454,30904,24.09265389,0
1776,2026-09-25T12:51:00,30902.5,30919,30899.5,30916.75,4219,30909.25,23.76460718,0
1777,2026-09-25T12:54:00,30917,30917.75,30896.75,30903,4840,30907.25,23.56713524,0
1778,2026-09-25T12:57:00,30903,30909,30890.75,30906.75,5533,30899.875,23.18733987,0
1779,2026-09-25T13:00:00,30906.75,30912,30903.25,30912,2741,30907.625,22.1561013,0
1780,2026-09-25T13:03:00,30912,30916.75,30906.5,30909.25,4510,30911.625,21.3056655,0
1781,2026-09-25T13:06:00,30909.5,30913.5,30902,30903.25,3013,30907.75,20.60526082,0
1782,2026-09-25T13:09:00,30903.25,30911.75,30896.5,30911.25,4174,30904.125,20.22274219,0
1783,2026-09-25T13:12:00,30911,30914.75,30906.75,30908.5,2636,30910.75,19.34968918,0
1784,2026-09-25T13:15:00,30908.75,30929.25,30905.25,30928,5934,30917.25,19.68185423,0
1785,2026-09-25T13:18:00,30928.25,30930.75,30922.75,30926,4052,30926.75,18.84743607,0
1786,2026-09-25T13:21:00,30925.75,30929.75,30913.75,30920.25,4582,30921.75,18.64404778,0
1787,2026-09-25T13:24:00,30920.25,30921.75,30910,30916,3538,30915.875,18.1516158,0
1788,2026-09-25T13:27:00,30916.75,30922.5,30888.5,30894.75,10886,30905.5,19.28364324,0
1789,2026-09-25T13:30:00,30895.25,30899,30871,30891,15709,30885,19.90624015,0
1790,2026-09-25T13:33:00,30891.5,30916.5,30890.75,30909.25,7775,30903.625,20.32365157,0
1791,2026-09-25T13:36:00,30909.75,30915.25,30898.5,30905.25,5967,30906.875,20.06839074,0
1792,2026-09-25T13:39:00,30905.25,30908.75,30877.75,30883.75,7077,30893.25,20.84921998,0
1793,2026-09-25T13:42:00,30883.75,30886,30868,30880.25,7539,30877,20.64570426,0
1794,2026-09-25T13:45:00,30880.5,30901,30880.25,30900,6278,30890.625,20.65315396,0
1795,2026-09-25T13:48:00,30900,30902.5,30879.75,30882.5,5708,30891.125,20.80292868,0
1796,2026-09-25T13:51:00,30882.75,30888.75,30878.5,30882.75,3529,30883.625,20.04914806,0
1797,2026-09-25T13:54:00,30883,30888,30878,30882.75,3084,30883,19.33135177,0
1798,2026-09-25T13:57:00,30882.25,30883,30871.75,30871.75,4517,30877.375,18.75411236,0
1799,2026-09-25T14:00:00,30871.75,30877.75,30866.5,30868.5,4643,30872.125,18.21810433,0
1800,2026-09-25T14:03:00,30869,30888,30863.5,30868.25,8485,30875.75,18.66681116,0
1801,2026-09-25T14:06:00,30868,30887,30863.25,30882.75,6157,30875.125,19.02989608,0
1802,2026-09-25T14:09:00,30883,30892,30876,30891.25,4895,30884,18.81347493,0
1803,2026-09-25T14:12:00,30891.25,30891.5,30882.25,30886.75,3363,30886.875,18.13036958,0
1804,2026-09-25T14:15:00,30886.75,30900.75,30885,30899,4930,30892.875,17.96034318,0
1805,2026-09-25T14:18:00,30898.5,30903.75,30890.25,30893.75,5082,30897,17.64174724,0
1806,2026-09-25T14:21:00,30894.25,30897,30880.5,30881,4426,30888.75,17.56019387,0
1807,2026-09-25T14:24:00,30880.75,30887,30870.75,30877,4148,30878.875,17.46660859,0
1808,2026-09-25T14:27:00,30877.5,30886,30860,30866.25,6771,30873,18.07613655,0
1809,2026-09-25T14:30:00,30866,30873.75,30859,30865.5,5625,30866.375,17.83855537,0
1810,2026-09-25T14:33:00,30865.5,30871.5,30857.5,30867.75,7282,30864.5,17.56437284,0
1811,2026-09-25T14:36:00,30867.5,30870,30848.75,30852,6219,30859.375,17.82763192,0
1812,2026-09-25T14:39:00,30852,30882.5,30845,30877,12287,30863.75,19.23280107,0
1813,2026-09-25T14:42:00,30877,30884.75,30872.25,30878.75,5075,30878.5,18.75188671,0
1814,2026-09-25T14:45:00,30879.25,30900,30878.75,30891.75,5683,30889.375,18.93032337,0
1815,2026-09-25T14:48:00,30891.75,30918.75,30891.75,30913,11809,30905.25,19.50672885,0
1816,2026-09-25T14:51:00,30913,30931,30906,30929.75,9990,30918.5,19.89910536,0
1817,2026-09-25T14:54:00,30930.25,30935.25,30918.25,30923,7770,30926.75,19.6920264,0
1818,2026-09-25T14:57:00,30923,30926,30889.5,30894.25,13670,30907.75,20.89259595,0
1819,2026-09-25T15:00:00,30894,30906.25,30883.5,30891.25,13208,30894.875,21.02526766,0
1820,2026-09-25T15:03:00,30890.75,30898.25,30880.5,30895.5,6182,30889.375,20.79131997,0
1821,2026-09-25T15:06:00,30896.5,30899.5,30888.75,30896,3078,30894.125,20.07408283,0
1822,2026-09-25T15:09:00,30895.75,30904.25,30893.5,30900,2041,30898.875,19.40807692,0
1823,2026-09-25T15:12:00,30899.25,30901,30889.75,30891,2069,30895.375,18.82535714,0
1824,2026-09-25T15:15:00,30891.75,30899.75,30891,30892,1307,30895.375,18.10568877,0
1825,2026-09-25T15:18:00,30891.5,30893,30885,30890.5,1563,30889,17.38385386,0
1826,2026-09-25T15:21:00,30891,30891,30886.75,30889.5,653,30888.875,16.44572144,0
1827,2026-09-25T15:24:00,30890.25,30890.25,30884.25,30887.75,746,30887.25,15.69959848,0
1828,2026-09-25T15:27:00,30886.75,30896.75,30886.75,30891.5,1236,30891.75,15.2924843,0
1829,2026-09-25T15:30:00,30891,30901.25,30890.25,30898,1415,30895.75,14.98587828,0
1830,2026-09-25T15:33:00,30898,30910,30897,30909.75,1880,30903.5,14.84402983,0
1831,2026-09-25T15:36:00,30909.5,30916.5,30908.75,30915,1208,30912.625,14.33731341,0
1832,2026-09-25T15:39:00,30914.5,30918.5,30910.5,30912.25,1412,30914.5,13.88464817,0
1833,2026-09-25T15:42:00,30912.25,30915,30907,30910.25,977,30911,13.46431616,0
1834,2026-09-25T15:45:00,30910.5,30917,30910,30916,992,30913.5,13.00257929,0
1835,2026-09-25T15:48:00,30915.5,30918.25,30914.5,30915.75,970,30916.375,12.34168077,0
1836,2026-09-25T15:51:00,30915.25,30917.5,30914.25,30915.75,636,30915.875,11.692275,0
1837,2026-09-25T15:54:00,30915.5,30921.75,30915,30917.25,651,30918.375,11.33925536,0
1838,2026-09-25T15:57:00,30917.5,30918.5,30913.5,30913.75,572,30916,10.8864514,0
